Model,CTMQC,NRep,NuclDt,ElecDt,Norm,Ener,GitCommit
3,CTMQC,20,0.5,0.05,0.0074,0.078,91a3f384c1ff296dab28d68d674f2a4b6797d286
3,CTMQC,40,0.5,0.05,0.0085,0.1,91a3f384c1ff296dab28d68d674f2a4b6797d286
3,CTMQC,60,0.5,0.05,0.0097,0.1,91a3f384c1ff296dab28d68d674f2a4b6797d286
3,CTMQC,80,0.5,0.05,0.0061,0.16,91a3f384c1ff296dab28d68d674f2a4b6797d286
3,CTMQC,120,0.5,0.05,0.0069,0.14,91a3f384c1ff296dab28d68d674f2a4b6797d286
3,CTMQC,150,0.5,0.05,0.006,0.16,91a3f384c1ff296dab28d68d674f2a4b6797d286
3,CTMQC,180,0.5,0.05,0.0084,0.12,91a3f384c1ff296dab28d68d674f2a4b6797d286
3,CTMQC,200,0.5,0.05,0.0056,0.19,91a3f384c1ff296dab28d68d674f2a4b6797d286
3,CTMQC,20,0.1,0.01,0.00025,0.024,48ff027d64bc4efeeabae4f35027b1efa7c0ce6a
3,CTMQC,30,0.1,0.01,0.00029,0.029,48ff027d64bc4efeeabae4f35027b1efa7c0ce6a
3,CTMQC,40,0.1,0.01,0.00036,0.017,48ff027d64bc4efeeabae4f35027b1efa7c0ce6a
3,CTMQC,25,0.1,0.01,0.00024,0.028,48ff027d64bc4efeeabae4f35027b1efa7c0ce6a
3,CTMQC,50,0.1,0.01,0.00028,0.024,48ff027d64bc4efeeabae4f35027b1efa7c0ce6a
3,CTMQC,60,0.1,0.01,0.0002,0.041,48ff027d64bc4efeeabae4f35027b1efa7c0ce6a
3,CTMQC,35,0.1,0.01,0.00026,0.024,48ff027d64bc4efeeabae4f35027b1efa7c0ce6a
3,CTMQC,70,0.1,0.01,0.00025,0.029,48ff027d64bc4efeeabae4f35027b1efa7c0ce6a
3,CTMQC,80,0.1,0.01,0.00024,0.03,48ff027d64bc4efeeabae4f35027b1efa7c0ce6a
3,CTMQC,45,0.1,0.01,0.00024,0.028,48ff027d64bc4efeeabae4f35027b1efa7c0ce6a
3,CTMQC,90,0.1,0.01,0.00021,0.038,48ff027d64bc4efeeabae4f35027b1efa7c0ce6a
3,CTMQC,100,0.1,0.01,0.00024,0.03,48ff027d64bc4efeeabae4f35027b1efa7c0ce6a
3,CTMQC,55,0.1,0.01,0.00024,0.032,48ff027d64bc4efeeabae4f35027b1efa7c0ce6a
3,CTMQC,110,0.1,0.01,0.00022,0.036,48ff027d64bc4efeeabae4f35027b1efa7c0ce6a
3,CTMQC,120,0.1,0.01,0.00036,0.023,48ff027d64bc4efeeabae4f35027b1efa7c0ce6a
3,CTMQC,65,0.1,0.01,0.00021,0.039,48ff027d64bc4efeeabae4f35027b1efa7c0ce6a
3,CTMQC,130,0.1,0.01,0.00023,0.034,48ff027d64bc4efeeabae4f35027b1efa7c0ce6a
3,CTMQC,75,0.1,0.01,0.00035,0.022,48ff027d64bc4efeeabae4f35027b1efa7c0ce6a
3,CTMQC,85,0.1,0.01,0.00038,0.022,48ff027d64bc4efeeabae4f35027b1efa7c0ce6a
3,CTMQC,95,0.1,0.01,0.00024,0.032,48ff027d64bc4efeeabae4f35027b1efa7c0ce6a
3,CTMQC,140,0.1,0.01,0.00034,0.022,48ff027d64bc4efeeabae4f35027b1efa7c0ce6a
3,CTMQC,105,0.1,0.01,0.00027,0.026,48ff027d64bc4efeeabae4f35027b1efa7c0ce6a
3,CTMQC,20,0.1,0.01,0.00037,0.02,48ff027d64bc4efeeabae4f35027b1efa7c0ce6a
3,CTMQC,150,0.1,0.01,0.00021,0.037,48ff027d64bc4efeeabae4f35027b1efa7c0ce6a
3,CTMQC,30,0.1,0.01,0.00035,0.019,48ff027d64bc4efeeabae4f35027b1efa7c0ce6a
3,CTMQC,60,1,0.5,0.049,0.69,48ff027d64bc4efeeabae4f35027b1efa7c0ce6a
3,CTMQC,60,1,0.333333333333,0.024,0.55,48ff027d64bc4efeeabae4f35027b1efa7c0ce6a
3,CTMQC,60,1,0.25,0.017,0.61,48ff027d64bc4efeeabae4f35027b1efa7c0ce6a
3,CTMQC,60,1,0.2,0.042,0.79,48ff027d64bc4efeeabae4f35027b1efa7c0ce6a
3,CTMQC,60,1,0.166666666667,0.023,0.78,48ff027d64bc4efeeabae4f35027b1efa7c0ce6a
3,CTMQC,60,1,0.1,0.018,0.85,48ff027d64bc4efeeabae4f35027b1efa7c0ce6a
3,CTMQC,60,1,0.05,0.01,0.76,48ff027d64bc4efeeabae4f35027b1efa7c0ce6a
3,CTMQC,60,1,0.0333333333333,0.0032,0.62,48ff027d64bc4efeeabae4f35027b1efa7c0ce6a
3,CTMQC,60,1,0.025,0.0015,0.51,48ff027d64bc4efeeabae4f35027b1efa7c0ce6a
3,CTMQC,60,1,0.025,0.0031,0.72,48ff027d64bc4efeeabae4f35027b1efa7c0ce6a
3,CTMQC,60,1,0.0166666666667,0.0035,0.81,48ff027d64bc4efeeabae4f35027b1efa7c0ce6a
3,CTMQC,60,1,0.0142857142857,0.0032,0.8,48ff027d64bc4efeeabae4f35027b1efa7c0ce6a
1,Ehrenfest,1,1,0.1,1.8e-13,-1.8e-05,48ff027d64bc4efeeabae4f35027b1efa7c0ce6a
1,Ehrenfest,1,1,0.1,9e-16,-1.4e-05,48ff027d64bc4efeeabae4f35027b1efa7c0ce6a
1,Ehrenfest,1,1,0.1,1.3e-13,-1e-05,48ff027d64bc4efeeabae4f35027b1efa7c0ce6a
1,Ehrenfest,1,1,0.1,3.6e-14,-6.8e-06,48ff027d64bc4efeeabae4f35027b1efa7c0ce6a
1,Ehrenfest,1,1,0.1,3.5e-14,-3.9e-06,48ff027d64bc4efeeabae4f35027b1efa7c0ce6a
1,Ehrenfest,1,1,0.1,3.6e-14,-1.1e-06,48ff027d64bc4efeeabae4f35027b1efa7c0ce6a
1,Ehrenfest,1,1,0.1,-4.7e-15,-2e-05,48ff027d64bc4efeeabae4f35027b1efa7c0ce6a
1,Ehrenfest,1,1,0.1,5.9e-14,-1.5e-05,48ff027d64bc4efeeabae4f35027b1efa7c0ce6a
1,Ehrenfest,1,1,0.1,-9.8e-15,-3e-07,48ff027d64bc4efeeabae4f35027b1efa7c0ce6a
1,Ehrenfest,1,1,0.1,-1.5e-14,-1.1e-05,48ff027d64bc4efeeabae4f35027b1efa7c0ce6a
1,Ehrenfest,1,1,0.1,-8.8e-14,-7.6e-06,48ff027d64bc4efeeabae4f35027b1efa7c0ce6a
1,Ehrenfest,1,1,0.1,1.4e-13,-2.1e-05,48ff027d64bc4efeeabae4f35027b1efa7c0ce6a
1,Ehrenfest,1,1,0.1,-5e-14,-4.6e-06,48ff027d64bc4efeeabae4f35027b1efa7c0ce6a
1,Ehrenfest,1,1,0.1,2.6e-14,-2.6e-08,48ff027d64bc4efeeabae4f35027b1efa7c0ce6a
1,Ehrenfest,1,1,0.1,1.2e-14,-1.6e-05,48ff027d64bc4efeeabae4f35027b1efa7c0ce6a
1,Ehrenfest,1,1,0.1,-4e-15,-2.2e-05,48ff027d64bc4efeeabae4f35027b1efa7c0ce6a
1,Ehrenfest,1,1,0.1,2.6e-15,-1.7e-06,48ff027d64bc4efeeabae4f35027b1efa7c0ce6a
1,Ehrenfest,1,1,0.1,1.4e-13,-1.2e-05,48ff027d64bc4efeeabae4f35027b1efa7c0ce6a
1,Ehrenfest,1,1,0.1,5.6e-14,2.2e-09,48ff027d64bc4efeeabae4f35027b1efa7c0ce6a
1,Ehrenfest,1,1,0.1,-3.6e-14,-8.4e-06,48ff027d64bc4efeeabae4f35027b1efa7c0ce6a
1,Ehrenfest,1,1,0.1,-8.7e-14,-1.7e-05,48ff027d64bc4efeeabae4f35027b1efa7c0ce6a
1,Ehrenfest,1,1,0.1,9e-14,-5.3e-06,48ff027d64bc4efeeabae4f35027b1efa7c0ce6a
1,Ehrenfest,1,1,0.1,-2.5e-14,-2.3e-05,48ff027d64bc4efeeabae4f35027b1efa7c0ce6a
1,Ehrenfest,1,1,0.1,8.1e-14,-4.6e-07,48ff027d64bc4efeeabae4f35027b1efa7c0ce6a
1,Ehrenfest,1,1,0.1,-7e-14,-1.3e-05,48ff027d64bc4efeeabae4f35027b1efa7c0ce6a
1,Ehrenfest,1,1,0.1,-1.3e-13,-2.9e-05,48ff027d64bc4efeeabae4f35027b1efa7c0ce6a
1,Ehrenfest,1,1,0.1,-1.1e-13,-9.2e-06,48ff027d64bc4efeeabae4f35027b1efa7c0ce6a
1,Ehrenfest,1,1,0.1,-9.5e-14,-2.4e-06,48ff027d64bc4efeeabae4f35027b1efa7c0ce6a
1,Ehrenfest,1,1,0.1,6e-14,-2.5e-05,48ff027d64bc4efeeabae4f35027b1efa7c0ce6a
1,Ehrenfest,1,1,0.1,2.3e-14,-3.5e-05,48ff027d64bc4efeeabae4f35027b1efa7c0ce6a
1,Ehrenfest,1,1,0.1,2.7e-14,-6.1e-06,48ff027d64bc4efeeabae4f35027b1efa7c0ce6a
1,Ehrenfest,1,1,0.1,-1.1e-13,-3.1e-05,48ff027d64bc4efeeabae4f35027b1efa7c0ce6a
1,Ehrenfest,1,1,0.1,5.7e-14,-5e-08,48ff027d64bc4efeeabae4f35027b1efa7c0ce6a
1,Ehrenfest,1,1,0.1,9.8e-14,-4.1e-05,48ff027d64bc4efeeabae4f35027b1efa7c0ce6a
1,Ehrenfest,1,1,0.1,-2.1e-14,-2.6e-05,48ff027d64bc4efeeabae4f35027b1efa7c0ce6a
1,Ehrenfest,1,1,0.1,-7.9e-14,-4.8e-05,48ff027d64bc4efeeabae4f35027b1efa7c0ce6a
3,CTMQC,60,1,0.0125,0.00074,0.52,48ff027d64bc4efeeabae4f35027b1efa7c0ce6a
1,Ehrenfest,1,1,0.1,-2.3e-14,-3.7e-05,48ff027d64bc4efeeabae4f35027b1efa7c0ce6a
1,Ehrenfest,1,1,0.1,7.6e-14,-2.8e-07,48ff027d64bc4efeeabae4f35027b1efa7c0ce6a
1,Ehrenfest,1,1,0.1,9e-14,-3.2e-05,48ff027d64bc4efeeabae4f35027b1efa7c0ce6a
1,Ehrenfest,1,1,0.1,-3.3e-14,-4.3e-05,48ff027d64bc4efeeabae4f35027b1efa7c0ce6a
1,Ehrenfest,1,1,0.1,2.4e-14,2.6e-09,48ff027d64bc4efeeabae4f35027b1efa7c0ce6a
1,Ehrenfest,1,1,0.1,-9e-14,-4.9e-05,48ff027d64bc4efeeabae4f35027b1efa7c0ce6a
1,Ehrenfest,1,1,0.1,1.2e-13,-3.1e-06,48ff027d64bc4efeeabae4f35027b1efa7c0ce6a
1,Ehrenfest,1,1,0.1,-1.5e-13,-3.8e-05,48ff027d64bc4efeeabae4f35027b1efa7c0ce6a
1,Ehrenfest,1,1,0.1,-1e-13,-2.8e-05,48ff027d64bc4efeeabae4f35027b1efa7c0ce6a
1,Ehrenfest,1,1,0.1,2.7e-14,-3.4e-05,48ff027d64bc4efeeabae4f35027b1efa7c0ce6a
1,Ehrenfest,1,1,0.1,3.9e-14,-4.4e-05,48ff027d64bc4efeeabae4f35027b1efa7c0ce6a
1,Ehrenfest,1,1,0.1,4.6e-14,-1.7e-10,48ff027d64bc4efeeabae4f35027b1efa7c0ce6a
1,Ehrenfest,1,1,0.1,3.8e-14,-5.1e-05,48ff027d64bc4efeeabae4f35027b1efa7c0ce6a
1,Ehrenfest,1,1,0.1,-1.4e-13,-5.4e-05,48ff027d64bc4efeeabae4f35027b1efa7c0ce6a
1,Ehrenfest,1,1,0.1,7.4e-14,-5.9e-05,48ff027d64bc4efeeabae4f35027b1efa7c0ce6a
1,Ehrenfest,1,1,0.1,-1.5e-13,-4e-05,48ff027d64bc4efeeabae4f35027b1efa7c0ce6a
1,Ehrenfest,1,1,0.1,8e-14,-6.5e-05,48ff027d64bc4efeeabae4f35027b1efa7c0ce6a
1,Ehrenfest,1,1,0.1,1.5e-14,-4.6e-05,48ff027d64bc4efeeabae4f35027b1efa7c0ce6a
1,Ehrenfest,1,1,0.1,3.5e-14,-6.1e-05,48ff027d64bc4efeeabae4f35027b1efa7c0ce6a
1,Ehrenfest,1,1,0.1,1.3e-13,-5.2e-05,48ff027d64bc4efeeabae4f35027b1efa7c0ce6a
1,Ehrenfest,1,1,0.1,5.4e-14,-5.5e-05,48ff027d64bc4efeeabae4f35027b1efa7c0ce6a
1,Ehrenfest,1,1,0.1,-3.2e-14,-7e-05,48ff027d64bc4efeeabae4f35027b1efa7c0ce6a
1,Ehrenfest,1,1,0.1,-1.6e-13,-6.6e-05,48ff027d64bc4efeeabae4f35027b1efa7c0ce6a
1,Ehrenfest,1,1,0.1,-1.4e-13,-9.3e-08,48ff027d64bc4efeeabae4f35027b1efa7c0ce6a
1,Ehrenfest,1,1,0.1,2.3e-14,-5.2e-07,48ff027d64bc4efeeabae4f35027b1efa7c0ce6a
1,Ehrenfest,1,1,0.1,1.3e-13,-7.4e-05,48ff027d64bc4efeeabae4f35027b1efa7c0ce6a
1,Ehrenfest,1,1,0.1,1.4e-13,-7.8e-05,48ff027d64bc4efeeabae4f35027b1efa7c0ce6a
1,Ehrenfest,1,1,0.1,-5.6e-14,-7.1e-05,48ff027d64bc4efeeabae4f35027b1efa7c0ce6a
1,Ehrenfest,1,1,0.1,1.1e-13,-5.7e-05,48ff027d64bc4efeeabae4f35027b1efa7c0ce6a
1,Ehrenfest,1,1,0.1,-8.2e-14,-6.2e-05,48ff027d64bc4efeeabae4f35027b1efa7c0ce6a
1,Ehrenfest,1,1,0.1,-3.4e-14,-8.1e-05,48ff027d64bc4efeeabae4f35027b1efa7c0ce6a
1,Ehrenfest,1,1,0.1,6.6e-15,-6.7e-05,48ff027d64bc4efeeabae4f35027b1efa7c0ce6a
1,Ehrenfest,1,1,0.1,-2.7e-13,-7.5e-05,48ff027d64bc4efeeabae4f35027b1efa7c0ce6a
1,Ehrenfest,1,1,0.1,-1.6e-13,-7.9e-05,48ff027d64bc4efeeabae4f35027b1efa7c0ce6a
1,Ehrenfest,1,1,0.1,3.1e-15,-7.2e-05,48ff027d64bc4efeeabae4f35027b1efa7c0ce6a
1,Ehrenfest,1,1,0.1,1.6e-13,-8.2e-05,48ff027d64bc4efeeabae4f35027b1efa7c0ce6a
1,Ehrenfest,1,1,0.1,-4.2e-14,-5.8e-05,48ff027d64bc4efeeabae4f35027b1efa7c0ce6a
1,Ehrenfest,1,1,0.1,2.4e-14,-6.4e-05,48ff027d64bc4efeeabae4f35027b1efa7c0ce6a
1,Ehrenfest,1,1,0.1,3.3e-14,-6.9e-05,48ff027d64bc4efeeabae4f35027b1efa7c0ce6a
1,Ehrenfest,1,1,0.1,7.4e-14,-7.6e-05,48ff027d64bc4efeeabae4f35027b1efa7c0ce6a
1,Ehrenfest,1,1,0.1,-3.8e-14,-7.9e-05,48ff027d64bc4efeeabae4f35027b1efa7c0ce6a
1,Ehrenfest,1,1,0.1,3.6e-16,-8.2e-05,48ff027d64bc4efeeabae4f35027b1efa7c0ce6a
1,Ehrenfest,1,1,0.1,-1.3e-13,-8.3e-05,48ff027d64bc4efeeabae4f35027b1efa7c0ce6a
1,Ehrenfest,1,1,0.1,-1.6e-13,-8.5e-05,48ff027d64bc4efeeabae4f35027b1efa7c0ce6a
1,Ehrenfest,1,1,0.1,2.2e-13,-8.6e-05,48ff027d64bc4efeeabae4f35027b1efa7c0ce6a
1,Ehrenfest,1,1,0.1,1.1e-13,-7.3e-05,48ff027d64bc4efeeabae4f35027b1efa7c0ce6a
1,Ehrenfest,1,1,0.1,4e-14,-7.7e-05,48ff027d64bc4efeeabae4f35027b1efa7c0ce6a
1,Ehrenfest,1,1,0.1,-1.1e-13,-8.4e-05,48ff027d64bc4efeeabae4f35027b1efa7c0ce6a
1,Ehrenfest,1,1,0.1,1.5e-13,-8e-05,48ff027d64bc4efeeabae4f35027b1efa7c0ce6a
1,Ehrenfest,1,1,0.1,1.5e-13,-8.3e-05,48ff027d64bc4efeeabae4f35027b1efa7c0ce6a
1,Ehrenfest,1,1,0.1,-1.8e-14,-8.5e-05,48ff027d64bc4efeeabae4f35027b1efa7c0ce6a
1,Ehrenfest,1,1,0.1,3.3e-14,-8.6e-05,48ff027d64bc4efeeabae4f35027b1efa7c0ce6a
1,Ehrenfest,1,1,0.1,1.7e-13,-8.6e-05,48ff027d64bc4efeeabae4f35027b1efa7c0ce6a
1,Ehrenfest,1,1,0.1,-1.1e-13,-8.6e-05,48ff027d64bc4efeeabae4f35027b1efa7c0ce6a
1,Ehrenfest,1,1,0.1,-3.2e-13,-8.4e-05,48ff027d64bc4efeeabae4f35027b1efa7c0ce6a
1,Ehrenfest,1,1,0.1,-9e-14,-8.5e-05,48ff027d64bc4efeeabae4f35027b1efa7c0ce6a
1,Ehrenfest,1,1,0.1,2.2e-14,-8.4e-05,48ff027d64bc4efeeabae4f35027b1efa7c0ce6a
1,Ehrenfest,1,1,0.1,2.4e-13,-8.6e-05,48ff027d64bc4efeeabae4f35027b1efa7c0ce6a
1,Ehrenfest,1,1,0.1,-1.1e-14,-8.6e-05,48ff027d64bc4efeeabae4f35027b1efa7c0ce6a
1,Ehrenfest,1,1,0.1,2.1e-13,-8.6e-05,48ff027d64bc4efeeabae4f35027b1efa7c0ce6a
1,Ehrenfest,1,1,0.1,-4.6e-14,-4.6e-09,48ff027d64bc4efeeabae4f35027b1efa7c0ce6a
1,Ehrenfest,1,1,0.1,1.5e-13,-8.6e-05,48ff027d64bc4efeeabae4f35027b1efa7c0ce6a
1,Ehrenfest,1,1,0.1,-1.7e-13,-8.3e-05,48ff027d64bc4efeeabae4f35027b1efa7c0ce6a
1,Ehrenfest,1,1,0.1,1.6e-13,-8.5e-05,48ff027d64bc4efeeabae4f35027b1efa7c0ce6a
1,Ehrenfest,1,1,0.1,-3.3e-14,-1.7e-07,48ff027d64bc4efeeabae4f35027b1efa7c0ce6a
1,Ehrenfest,1,1,0.1,-9.5e-14,-8.6e-05,48ff027d64bc4efeeabae4f35027b1efa7c0ce6a
1,Ehrenfest,1,1,0.1,7.3e-14,-8.5e-05,48ff027d64bc4efeeabae4f35027b1efa7c0ce6a
1,Ehrenfest,1,1,0.1,5.8e-14,-8.6e-05,48ff027d64bc4efeeabae4f35027b1efa7c0ce6a
1,Ehrenfest,1,1,0.1,2.5e-13,-8.6e-05,48ff027d64bc4efeeabae4f35027b1efa7c0ce6a
1,Ehrenfest,1,1,0.1,2.8e-14,-8.6e-05,48ff027d64bc4efeeabae4f35027b1efa7c0ce6a
1,Ehrenfest,1,1,0.1,1.7e-13,-8.3e-05,48ff027d64bc4efeeabae4f35027b1efa7c0ce6a
1,Ehrenfest,1,1,0.1,-1.6e-13,-8.1e-05,48ff027d64bc4efeeabae4f35027b1efa7c0ce6a
1,Ehrenfest,1,1,0.1,-1.6e-13,-8.4e-05,48ff027d64bc4efeeabae4f35027b1efa7c0ce6a
1,Ehrenfest,1,1,0.1,-8.2e-14,-7.5e-05,48ff027d64bc4efeeabae4f35027b1efa7c0ce6a
1,Ehrenfest,1,1,0.1,1.3e-13,-7.9e-05,48ff027d64bc4efeeabae4f35027b1efa7c0ce6a
1,Ehrenfest,1,1,0.1,8.5e-14,-7.2e-05,48ff027d64bc4efeeabae4f35027b1efa7c0ce6a
1,Ehrenfest,1,1,0.1,1.4e-13,-8.6e-05,48ff027d64bc4efeeabae4f35027b1efa7c0ce6a
1,Ehrenfest,1,1,0.1,-1.1e-13,-8.5e-05,48ff027d64bc4efeeabae4f35027b1efa7c0ce6a
1,Ehrenfest,1,1,0.1,-2.9e-14,-8.1e-05,48ff027d64bc4efeeabae4f35027b1efa7c0ce6a
1,Ehrenfest,1,1,0.1,-6.9e-14,-8.2e-05,48ff027d64bc4efeeabae4f35027b1efa7c0ce6a
1,Ehrenfest,1,1,0.1,-1.4e-13,-7.5e-05,48ff027d64bc4efeeabae4f35027b1efa7c0ce6a
1,Ehrenfest,1,1,0.1,6.8e-14,-8.4e-05,48ff027d64bc4efeeabae4f35027b1efa7c0ce6a
1,Ehrenfest,1,1,0.1,-3.7e-14,-7.8e-05,48ff027d64bc4efeeabae4f35027b1efa7c0ce6a
1,Ehrenfest,1,1,0.1,-4.5e-14,-7e-05,48ff027d64bc4efeeabae4f35027b1efa7c0ce6a
1,Ehrenfest,1,1,0.1,1.2e-13,-6.7e-05,48ff027d64bc4efeeabae4f35027b1efa7c0ce6a
1,Ehrenfest,1,1,0.1,7.1e-14,-6.2e-05,48ff027d64bc4efeeabae4f35027b1efa7c0ce6a
1,Ehrenfest,1,1,0.1,6.9e-14,-5.7e-05,48ff027d64bc4efeeabae4f35027b1efa7c0ce6a
1,Ehrenfest,1,1,0.1,-2e-13,-8e-05,48ff027d64bc4efeeabae4f35027b1efa7c0ce6a
1,Ehrenfest,1,1,0.1,-1.8e-13,-7.4e-05,48ff027d64bc4efeeabae4f35027b1efa7c0ce6a
1,Ehrenfest,1,1,0.1,-5.7e-14,-6.9e-05,48ff027d64bc4efeeabae4f35027b1efa7c0ce6a
1,Ehrenfest,1,1,0.1,-1e-13,-7.7e-05,48ff027d64bc4efeeabae4f35027b1efa7c0ce6a
1,Ehrenfest,1,1,0.1,-8.2e-14,-6.6e-05,48ff027d64bc4efeeabae4f35027b1efa7c0ce6a
1,Ehrenfest,1,1,0.1,-3.3e-13,-6.1e-05,48ff027d64bc4efeeabae4f35027b1efa7c0ce6a
1,Ehrenfest,1,1,0.1,2.2e-14,-8e-05,48ff027d64bc4efeeabae4f35027b1efa7c0ce6a
1,Ehrenfest,1,1,0.1,-5.4e-14,-6.8e-05,48ff027d64bc4efeeabae4f35027b1efa7c0ce6a
1,Ehrenfest,1,1,0.1,-4.6e-13,-7.3e-05,48ff027d64bc4efeeabae4f35027b1efa7c0ce6a
1,Ehrenfest,1,1,0.1,1.4e-14,-7.6e-05,48ff027d64bc4efeeabae4f35027b1efa7c0ce6a
1,Ehrenfest,1,1,0.1,1.1e-13,-6.5e-05,48ff027d64bc4efeeabae4f35027b1efa7c0ce6a
1,Ehrenfest,1,1,0.1,1.4e-13,-5.9e-05,48ff027d64bc4efeeabae4f35027b1efa7c0ce6a
1,Ehrenfest,1,1,0.1,5.6e-14,3.1e-09,48ff027d64bc4efeeabae4f35027b1efa7c0ce6a
1,Ehrenfest,1,1,0.1,2.8e-13,-6.3e-05,48ff027d64bc4efeeabae4f35027b1efa7c0ce6a
1,Ehrenfest,1,1,0.1,-4.8e-14,-5.8e-05,48ff027d64bc4efeeabae4f35027b1efa7c0ce6a
1,Ehrenfest,1,1,0.1,-5.6e-14,-1.2e-08,48ff027d64bc4efeeabae4f35027b1efa7c0ce6a
1,Ehrenfest,1,1,0.1,4.1e-14,6.1e-10,48ff027d64bc4efeeabae4f35027b1efa7c0ce6a
3,CTMQC,60,1,0.0111111111111,0.0012,0.64,48ff027d64bc4efeeabae4f35027b1efa7c0ce6a
1,Ehrenfest,1,1,0.1,-2.9e-14,3.4e-09,48ff027d64bc4efeeabae4f35027b1efa7c0ce6a
1,Ehrenfest,1,1,0.1,4.1e-15,3.2e-09,48ff027d64bc4efeeabae4f35027b1efa7c0ce6a
1,Ehrenfest,1,1,0.1,4.1e-14,9.8e-10,48ff027d64bc4efeeabae4f35027b1efa7c0ce6a
1,Ehrenfest,1,1,0.1,2.9e-14,1.5e-09,48ff027d64bc4efeeabae4f35027b1efa7c0ce6a
3,CTMQC,60,1,0.01,0.0016,0.83,48ff027d64bc4efeeabae4f35027b1efa7c0ce6a
1,Ehrenfest,1,1,0.1,3.2e-14,2e-09,48ff027d64bc4efeeabae4f35027b1efa7c0ce6a
2,Ehrenfest,200,0.1,0.01,-5e-15,-6e-07,48ff027d64bc4efeeabae4f35027b1efa7c0ce6a
2,Ehrenfest,200,0.1,0.01,-1.5e-15,-5.7e-07,48ff027d64bc4efeeabae4f35027b1efa7c0ce6a
2,Ehrenfest,200,0.1,0.01,7.5e-15,-4.2e-07,48ff027d64bc4efeeabae4f35027b1efa7c0ce6a
4,Ehrenfest,200,0.1,0.01,-5e-14,8.8e-06,48ff027d64bc4efeeabae4f35027b1efa7c0ce6a
4,Ehrenfest,200,0.1,0.01,-5.3e-14,8.8e-06,48ff027d64bc4efeeabae4f35027b1efa7c0ce6a
4,Ehrenfest,200,0.1,0.01,-5.5e-14,8.8e-06,48ff027d64bc4efeeabae4f35027b1efa7c0ce6a
3,Ehrenfest,1,0.1,0.002,-3.1e-14,6.8e-07,48ff027d64bc4efeeabae4f35027b1efa7c0ce6a
3,Ehrenfest,1,0.1,0.002,4.2e-14,6e-07,48ff027d64bc4efeeabae4f35027b1efa7c0ce6a
3,Ehrenfest,1,0.1,0.002,-7.8e-14,5.2e-07,48ff027d64bc4efeeabae4f35027b1efa7c0ce6a
3,Ehrenfest,1,0.1,0.002,-9.3e-14,4.5e-07,48ff027d64bc4efeeabae4f35027b1efa7c0ce6a
3,Ehrenfest,1,0.1,0.002,1.6e-13,3.9e-07,48ff027d64bc4efeeabae4f35027b1efa7c0ce6a
3,Ehrenfest,1,0.1,0.002,3.9e-14,3.2e-07,48ff027d64bc4efeeabae4f35027b1efa7c0ce6a
3,Ehrenfest,1,0.1,0.002,-3.2e-14,2.6e-07,48ff027d64bc4efeeabae4f35027b1efa7c0ce6a
3,Ehrenfest,1,0.1,0.002,3e-14,2.1e-07,48ff027d64bc4efeeabae4f35027b1efa7c0ce6a
3,Ehrenfest,1,0.1,0.002,1.7e-13,1.7e-07,48ff027d64bc4efeeabae4f35027b1efa7c0ce6a
3,Ehrenfest,1,0.1,0.002,-4.2e-15,1.4e-07,48ff027d64bc4efeeabae4f35027b1efa7c0ce6a
3,Ehrenfest,1,0.1,0.002,-3e-14,1e-07,48ff027d64bc4efeeabae4f35027b1efa7c0ce6a
3,Ehrenfest,1,0.1,0.002,4.9e-14,7e-07,48ff027d64bc4efeeabae4f35027b1efa7c0ce6a
3,Ehrenfest,1,0.1,0.002,1e-13,6.2e-07,48ff027d64bc4efeeabae4f35027b1efa7c0ce6a
3,Ehrenfest,1,0.1,0.002,4.3e-14,7.1e-08,48ff027d64bc4efeeabae4f35027b1efa7c0ce6a
3,Ehrenfest,1,0.1,0.002,3e-14,5.4e-07,48ff027d64bc4efeeabae4f35027b1efa7c0ce6a
3,Ehrenfest,1,0.1,0.002,2.4e-14,4.7e-07,48ff027d64bc4efeeabae4f35027b1efa7c0ce6a
3,Ehrenfest,1,0.1,0.002,-1.9e-14,4e-07,48ff027d64bc4efeeabae4f35027b1efa7c0ce6a
3,Ehrenfest,1,0.1,0.002,-6e-14,3.4e-07,48ff027d64bc4efeeabae4f35027b1efa7c0ce6a
3,Ehrenfest,1,0.1,0.002,1.3e-13,2.8e-07,48ff027d64bc4efeeabae4f35027b1efa7c0ce6a
3,Ehrenfest,1,0.1,0.002,5.6e-14,7.3e-07,48ff027d64bc4efeeabae4f35027b1efa7c0ce6a
3,Ehrenfest,1,0.1,0.002,-3.4e-14,2.2e-07,48ff027d64bc4efeeabae4f35027b1efa7c0ce6a
3,Ehrenfest,1,0.1,0.002,4e-14,6.4e-07,48ff027d64bc4efeeabae4f35027b1efa7c0ce6a
3,Ehrenfest,1,0.1,0.002,5.5e-14,1.8e-07,48ff027d64bc4efeeabae4f35027b1efa7c0ce6a
3,Ehrenfest,1,0.1,0.002,-2.5e-14,5.6e-07,48ff027d64bc4efeeabae4f35027b1efa7c0ce6a
3,Ehrenfest,1,0.1,0.002,5.9e-14,4.9e-07,48ff027d64bc4efeeabae4f35027b1efa7c0ce6a
3,Ehrenfest,1,0.1,0.002,-3.4e-14,1.4e-07,48ff027d64bc4efeeabae4f35027b1efa7c0ce6a
3,Ehrenfest,1,0.1,0.002,8e-14,4.2e-07,48ff027d64bc4efeeabae4f35027b1efa7c0ce6a
3,Ehrenfest,1,0.1,0.002,4e-14,1.1e-07,48ff027d64bc4efeeabae4f35027b1efa7c0ce6a
3,Ehrenfest,1,0.1,0.002,1.7e-14,7.5e-07,48ff027d64bc4efeeabae4f35027b1efa7c0ce6a
3,Ehrenfest,1,0.1,0.002,2.9e-14,3.5e-07,48ff027d64bc4efeeabae4f35027b1efa7c0ce6a
3,Ehrenfest,1,0.1,0.002,-1.2e-13,2.9e-07,48ff027d64bc4efeeabae4f35027b1efa7c0ce6a
3,Ehrenfest,1,0.1,0.002,1e-13,6.6e-07,48ff027d64bc4efeeabae4f35027b1efa7c0ce6a
3,Ehrenfest,1,0.1,0.002,1.1e-13,7.8e-08,48ff027d64bc4efeeabae4f35027b1efa7c0ce6a
3,Ehrenfest,1,0.1,0.002,7.6e-14,5.8e-07,48ff027d64bc4efeeabae4f35027b1efa7c0ce6a
3,Ehrenfest,1,0.1,0.002,-6.2e-14,2.4e-07,48ff027d64bc4efeeabae4f35027b1efa7c0ce6a
3,Ehrenfest,1,0.1,0.002,-1.9e-13,5e-07,48ff027d64bc4efeeabae4f35027b1efa7c0ce6a
3,Ehrenfest,1,0.1,0.002,9.8e-14,1.9e-07,48ff027d64bc4efeeabae4f35027b1efa7c0ce6a
3,Ehrenfest,1,0.1,0.002,-6.6e-14,7.8e-07,48ff027d64bc4efeeabae4f35027b1efa7c0ce6a
3,Ehrenfest,1,0.1,0.002,1.3e-13,4.4e-07,48ff027d64bc4efeeabae4f35027b1efa7c0ce6a
3,Ehrenfest,1,0.1,0.002,-4.8e-14,8.8e-07,48ff027d64bc4efeeabae4f35027b1efa7c0ce6a
3,Ehrenfest,1,0.1,0.002,-2.6e-14,3.7e-07,48ff027d64bc4efeeabae4f35027b1efa7c0ce6a
3,Ehrenfest,1,0.1,0.002,-2.8e-13,1.5e-07,48ff027d64bc4efeeabae4f35027b1efa7c0ce6a
3,Ehrenfest,1,0.1,0.002,1.3e-13,1e-06,48ff027d64bc4efeeabae4f35027b1efa7c0ce6a
3,Ehrenfest,1,0.1,0.002,-8.8e-15,1.1e-06,48ff027d64bc4efeeabae4f35027b1efa7c0ce6a
3,Ehrenfest,1,0.1,0.002,-7e-14,3.1e-07,48ff027d64bc4efeeabae4f35027b1efa7c0ce6a
3,Ehrenfest,1,0.1,0.002,2.5e-13,1.2e-06,48ff027d64bc4efeeabae4f35027b1efa7c0ce6a
3,Ehrenfest,1,0.1,0.002,3.4e-16,1.2e-07,48ff027d64bc4efeeabae4f35027b1efa7c0ce6a
3,Ehrenfest,1,0.1,0.002,-1.3e-13,8e-07,48ff027d64bc4efeeabae4f35027b1efa7c0ce6a
2,Ehrenfest,200,0.1,0.01,-8e-15,1.2e-06,48ff027d64bc4efeeabae4f35027b1efa7c0ce6a
3,Ehrenfest,1,0.1,0.002,-7.2e-14,2.5e-07,48ff027d64bc4efeeabae4f35027b1efa7c0ce6a
3,Ehrenfest,1,0.1,0.002,-3e-13,1.4e-06,48ff027d64bc4efeeabae4f35027b1efa7c0ce6a
3,Ehrenfest,1,0.1,0.002,-8.9e-14,9.1e-07,48ff027d64bc4efeeabae4f35027b1efa7c0ce6a
3,Ehrenfest,1,0.1,0.002,-1.8e-13,1e-06,48ff027d64bc4efeeabae4f35027b1efa7c0ce6a
3,Ehrenfest,1,0.1,0.002,5.2e-14,8.5e-08,48ff027d64bc4efeeabae4f35027b1efa7c0ce6a
3,Ehrenfest,1,0.1,0.002,1.9e-14,1.5e-06,48ff027d64bc4efeeabae4f35027b1efa7c0ce6a
2,Ehrenfest,200,0.1,0.01,1.6e-16,1.2e-06,48ff027d64bc4efeeabae4f35027b1efa7c0ce6a
3,Ehrenfest,1,0.1,0.002,-8.9e-14,1.1e-06,48ff027d64bc4efeeabae4f35027b1efa7c0ce6a
3,Ehrenfest,1,0.1,0.002,4.6e-14,2e-07,48ff027d64bc4efeeabae4f35027b1efa7c0ce6a
2,Ehrenfest,200,0.1,0.01,-8e-17,1.2e-06,48ff027d64bc4efeeabae4f35027b1efa7c0ce6a
3,Ehrenfest,1,0.1,0.002,4.7e-14,1.3e-06,48ff027d64bc4efeeabae4f35027b1efa7c0ce6a
3,Ehrenfest,1,0.1,0.002,-5.9e-15,1.6e-06,48ff027d64bc4efeeabae4f35027b1efa7c0ce6a
3,Ehrenfest,1,0.1,0.002,-7.4e-14,1.4e-06,48ff027d64bc4efeeabae4f35027b1efa7c0ce6a
3,Ehrenfest,1,0.1,0.002,4.7e-14,8.3e-07,48ff027d64bc4efeeabae4f35027b1efa7c0ce6a
3,Ehrenfest,1,0.1,0.002,2.6e-14,1.6e-07,48ff027d64bc4efeeabae4f35027b1efa7c0ce6a
3,Ehrenfest,1,0.1,0.002,-1.3e-13,9.4e-07,48ff027d64bc4efeeabae4f35027b1efa7c0ce6a
3,Ehrenfest,1,0.1,0.002,-1.7e-13,1.5e-06,48ff027d64bc4efeeabae4f35027b1efa7c0ce6a
3,Ehrenfest,1,0.1,0.002,-5.3e-14,1.1e-06,48ff027d64bc4efeeabae4f35027b1efa7c0ce6a
3,Ehrenfest,1,0.1,0.002,1.3e-13,1.8e-06,48ff027d64bc4efeeabae4f35027b1efa7c0ce6a
3,Ehrenfest,1,0.1,0.002,4.9e-15,1.2e-06,48ff027d64bc4efeeabae4f35027b1efa7c0ce6a
3,Ehrenfest,1,0.1,0.002,-1.2e-13,1.3e-06,48ff027d64bc4efeeabae4f35027b1efa7c0ce6a
3,Ehrenfest,1,0.1,0.002,4.4e-14,1.7e-06,48ff027d64bc4efeeabae4f35027b1efa7c0ce6a
3,Ehrenfest,1,0.1,0.002,-2.6e-13,1.4e-06,48ff027d64bc4efeeabae4f35027b1efa7c0ce6a
3,Ehrenfest,1,0.1,0.002,-2.1e-14,1.3e-07,48ff027d64bc4efeeabae4f35027b1efa7c0ce6a
3,Ehrenfest,1,0.1,0.002,5.4e-14,1.9e-06,48ff027d64bc4efeeabae4f35027b1efa7c0ce6a
3,Ehrenfest,1,0.1,0.002,4.3e-14,8.5e-07,48ff027d64bc4efeeabae4f35027b1efa7c0ce6a
3,Ehrenfest,1,0.1,0.002,-1.2e-13,1.5e-06,48ff027d64bc4efeeabae4f35027b1efa7c0ce6a
3,Ehrenfest,1,0.1,0.002,-4.8e-15,1.8e-06,48ff027d64bc4efeeabae4f35027b1efa7c0ce6a
3,Ehrenfest,1,0.1,0.002,8.7e-14,9.7e-07,48ff027d64bc4efeeabae4f35027b1efa7c0ce6a
3,Ehrenfest,1,0.1,0.002,5.8e-14,1.2e-06,48ff027d64bc4efeeabae4f35027b1efa7c0ce6a
3,Ehrenfest,1,0.1,0.002,-9.2e-14,1.1e-06,48ff027d64bc4efeeabae4f35027b1efa7c0ce6a
3,Ehrenfest,1,0.1,0.002,-1.2e-13,1.7e-06,48ff027d64bc4efeeabae4f35027b1efa7c0ce6a
3,Ehrenfest,1,0.1,0.002,2.4e-14,1.3e-06,48ff027d64bc4efeeabae4f35027b1efa7c0ce6a
3,Ehrenfest,1,0.1,0.002,-5.3e-14,9.3e-08,48ff027d64bc4efeeabae4f35027b1efa7c0ce6a
3,Ehrenfest,1,0.1,0.002,8.5e-15,2.1e-06,48ff027d64bc4efeeabae4f35027b1efa7c0ce6a
3,Ehrenfest,1,0.1,0.002,-4.5e-14,2e-06,48ff027d64bc4efeeabae4f35027b1efa7c0ce6a
3,Ehrenfest,1,0.1,0.002,6.2e-15,1.5e-06,48ff027d64bc4efeeabae4f35027b1efa7c0ce6a
3,Ehrenfest,1,0.1,0.002,1.4e-13,2.3e-06,48ff027d64bc4efeeabae4f35027b1efa7c0ce6a
3,Ehrenfest,1,0.1,0.002,-1.3e-13,1.8e-06,48ff027d64bc4efeeabae4f35027b1efa7c0ce6a
3,Ehrenfest,1,0.1,0.002,8e-14,1.6e-06,48ff027d64bc4efeeabae4f35027b1efa7c0ce6a
3,Ehrenfest,1,0.1,0.002,-1.9e-13,2.4e-06,48ff027d64bc4efeeabae4f35027b1efa7c0ce6a
3,Ehrenfest,1,0.1,0.002,-1.2e-13,2.9e-06,48ff027d64bc4efeeabae4f35027b1efa7c0ce6a
3,Ehrenfest,1,0.1,0.002,2.3e-13,2.6e-06,48ff027d64bc4efeeabae4f35027b1efa7c0ce6a
3,Ehrenfest,1,0.1,0.002,8.7e-14,3.1e-06,48ff027d64bc4efeeabae4f35027b1efa7c0ce6a
3,Ehrenfest,1,0.1,0.002,-9.2e-14,1.7e-06,48ff027d64bc4efeeabae4f35027b1efa7c0ce6a
3,Ehrenfest,1,0.1,0.002,-2.7e-14,3.3e-06,48ff027d64bc4efeeabae4f35027b1efa7c0ce6a
3,Ehrenfest,1,0.1,0.002,7.8e-14,3.5e-06,48ff027d64bc4efeeabae4f35027b1efa7c0ce6a
3,Ehrenfest,1,0.1,0.002,-4.2e-14,2.1e-06,48ff027d64bc4efeeabae4f35027b1efa7c0ce6a
3,Ehrenfest,1,0.1,0.002,-1.1e-13,2e-06,48ff027d64bc4efeeabae4f35027b1efa7c0ce6a
3,Ehrenfest,1,0.1,0.002,-2.7e-14,2.3e-06,48ff027d64bc4efeeabae4f35027b1efa7c0ce6a
3,Ehrenfest,1,0.1,0.002,-1.5e-13,3.8e-06,48ff027d64bc4efeeabae4f35027b1efa7c0ce6a
3,Ehrenfest,1,0.1,0.002,1.4e-13,2.5e-06,48ff027d64bc4efeeabae4f35027b1efa7c0ce6a
3,Ehrenfest,1,0.1,0.002,1.8e-13,2.9e-06,48ff027d64bc4efeeabae4f35027b1efa7c0ce6a
3,Ehrenfest,1,0.1,0.002,1.7e-13,1.9e-06,48ff027d64bc4efeeabae4f35027b1efa7c0ce6a
3,Ehrenfest,1,0.1,0.002,-2.3e-13,2.7e-06,48ff027d64bc4efeeabae4f35027b1efa7c0ce6a
3,Ehrenfest,1,0.1,0.002,-1.1e-14,4e-06,48ff027d64bc4efeeabae4f35027b1efa7c0ce6a
3,Ehrenfest,1,0.1,0.002,8.1e-14,3.1e-06,48ff027d64bc4efeeabae4f35027b1efa7c0ce6a
3,Ehrenfest,1,0.1,0.002,1.3e-13,3.4e-06,48ff027d64bc4efeeabae4f35027b1efa7c0ce6a
3,Ehrenfest,1,0.1,0.002,1.5e-13,3.6e-06,48ff027d64bc4efeeabae4f35027b1efa7c0ce6a
3,Ehrenfest,1,0.1,0.002,-6.5e-14,2.2e-06,48ff027d64bc4efeeabae4f35027b1efa7c0ce6a
3,Ehrenfest,1,0.1,0.002,-2.2e-13,3.8e-06,48ff027d64bc4efeeabae4f35027b1efa7c0ce6a
3,Ehrenfest,1,0.1,0.002,3.5e-14,2e-06,48ff027d64bc4efeeabae4f35027b1efa7c0ce6a
3,Ehrenfest,1,0.1,0.002,7.8e-14,2.3e-06,48ff027d64bc4efeeabae4f35027b1efa7c0ce6a
3,Ehrenfest,1,0.1,0.002,-4.2e-14,4.2e-06,48ff027d64bc4efeeabae4f35027b1efa7c0ce6a
3,Ehrenfest,1,0.1,0.002,-1.2e-13,2.5e-06,48ff027d64bc4efeeabae4f35027b1efa7c0ce6a
3,Ehrenfest,1,0.1,0.002,-4.8e-14,3e-06,48ff027d64bc4efeeabae4f35027b1efa7c0ce6a
3,Ehrenfest,1,0.1,0.002,-1.3e-14,2.8e-06,48ff027d64bc4efeeabae4f35027b1efa7c0ce6a
3,Ehrenfest,1,0.1,0.002,-6.6e-14,4.1e-06,48ff027d64bc4efeeabae4f35027b1efa7c0ce6a
3,Ehrenfest,1,0.1,0.002,1.7e-13,3.2e-06,48ff027d64bc4efeeabae4f35027b1efa7c0ce6a
3,Ehrenfest,1,0.1,0.002,1.9e-13,3.4e-06,48ff027d64bc4efeeabae4f35027b1efa7c0ce6a
3,Ehrenfest,1,0.1,0.002,-2.1e-13,3.6e-06,48ff027d64bc4efeeabae4f35027b1efa7c0ce6a
3,Ehrenfest,1,0.1,0.002,-2.9e-13,3.9e-06,48ff027d64bc4efeeabae4f35027b1efa7c0ce6a
3,Ehrenfest,1,0.1,0.002,8.5e-14,4.5e-06,48ff027d64bc4efeeabae4f35027b1efa7c0ce6a
3,Ehrenfest,1,0.1,0.002,2.4e-15,2.2e-06,48ff027d64bc4efeeabae4f35027b1efa7c0ce6a
3,Ehrenfest,1,0.1,0.002,-9.5e-15,4.3e-06,48ff027d64bc4efeeabae4f35027b1efa7c0ce6a
3,Ehrenfest,1,0.1,0.002,7.1e-14,2.4e-06,48ff027d64bc4efeeabae4f35027b1efa7c0ce6a
3,Ehrenfest,1,0.1,0.002,-6.6e-14,4.1e-06,48ff027d64bc4efeeabae4f35027b1efa7c0ce6a
3,Ehrenfest,1,0.1,0.002,-3.8e-14,2.6e-06,48ff027d64bc4efeeabae4f35027b1efa7c0ce6a
3,Ehrenfest,1,0.1,0.002,5.6e-14,3e-06,48ff027d64bc4efeeabae4f35027b1efa7c0ce6a
3,Ehrenfest,1,0.1,0.002,-1.9e-13,2.8e-06,48ff027d64bc4efeeabae4f35027b1efa7c0ce6a
3,Ehrenfest,1,0.1,0.002,-1.8e-13,3.5e-06,48ff027d64bc4efeeabae4f35027b1efa7c0ce6a
3,Ehrenfest,1,0.1,0.002,-2.3e-13,3.2e-06,48ff027d64bc4efeeabae4f35027b1efa7c0ce6a
3,Ehrenfest,1,0.1,0.002,-1.7e-13,3.7e-06,48ff027d64bc4efeeabae4f35027b1efa7c0ce6a
3,Ehrenfest,1,0.1,0.002,-1.3e-13,4.5e-06,48ff027d64bc4efeeabae4f35027b1efa7c0ce6a
3,Ehrenfest,1,0.1,0.002,2.5e-13,3.9e-06,48ff027d64bc4efeeabae4f35027b1efa7c0ce6a
3,Ehrenfest,1,0.1,0.002,-8.5e-15,4.7e-06,48ff027d64bc4efeeabae4f35027b1efa7c0ce6a
3,Ehrenfest,1,0.1,0.002,-5.1e-14,4.4e-06,48ff027d64bc4efeeabae4f35027b1efa7c0ce6a
3,Ehrenfest,1,0.1,0.002,1.7e-13,5e-06,48ff027d64bc4efeeabae4f35027b1efa7c0ce6a
3,Ehrenfest,1,0.1,0.002,-6.8e-14,5.5e-06,48ff027d64bc4efeeabae4f35027b1efa7c0ce6a
3,Ehrenfest,1,0.1,0.002,-1.2e-13,4.2e-06,48ff027d64bc4efeeabae4f35027b1efa7c0ce6a
3,Ehrenfest,1,0.1,0.002,9.2e-15,5.2e-06,48ff027d64bc4efeeabae4f35027b1efa7c0ce6a
3,Ehrenfest,1,0.1,0.002,1.4e-13,4.6e-06,48ff027d64bc4efeeabae4f35027b1efa7c0ce6a
3,Ehrenfest,1,0.1,0.002,3.2e-13,4.4e-06,48ff027d64bc4efeeabae4f35027b1efa7c0ce6a
3,Ehrenfest,1,0.1,0.002,-1.3e-15,4.8e-06,48ff027d64bc4efeeabae4f35027b1efa7c0ce6a
3,Ehrenfest,1,0.1,0.002,-1.4e-13,5.1e-06,48ff027d64bc4efeeabae4f35027b1efa7c0ce6a
3,Ehrenfest,1,0.1,0.002,-2.8e-13,5.6e-06,48ff027d64bc4efeeabae4f35027b1efa7c0ce6a
3,Ehrenfest,1,0.1,0.002,-3.2e-14,5.3e-06,48ff027d64bc4efeeabae4f35027b1efa7c0ce6a
3,Ehrenfest,1,0.1,0.002,1.4e-13,4.7e-06,48ff027d64bc4efeeabae4f35027b1efa7c0ce6a
3,Ehrenfest,1,0.1,0.002,-7.3e-14,4.9e-06,48ff027d64bc4efeeabae4f35027b1efa7c0ce6a
3,Ehrenfest,1,0.1,0.002,-2e-13,5.1e-06,48ff027d64bc4efeeabae4f35027b1efa7c0ce6a
3,Ehrenfest,1,0.1,0.002,-1.1e-13,5.4e-06,48ff027d64bc4efeeabae4f35027b1efa7c0ce6a
3,Ehrenfest,1,0.1,0.002,-1.6e-13,5.2e-06,48ff027d64bc4efeeabae4f35027b1efa7c0ce6a
3,Ehrenfest,1,0.1,0.002,2.2e-13,4.9e-06,48ff027d64bc4efeeabae4f35027b1efa7c0ce6a
3,Ehrenfest,1,0.1,0.002,1.5e-13,5.4e-06,48ff027d64bc4efeeabae4f35027b1efa7c0ce6a
3,Ehrenfest,50,0.1,0.002,1.1e-09,-4.1e-11,48ff027d64bc4efeeabae4f35027b1efa7c0ce6a
3,Ehrenfest,3,1,0.1,-5.5e-06,8.2e-05,48ff027d64bc4efeeabae4f35027b1efa7c0ce6a
2,Ehrenfest,3,1,0.1,0.0011,-0.0051,48ff027d64bc4efeeabae4f35027b1efa7c0ce6a
2,Ehrenfest,3,1,0.1,0.00058,-0.0023,48ff027d64bc4efeeabae4f35027b1efa7c0ce6a
2,Ehrenfest,3,1,0.1,0.00063,-0.0027,48ff027d64bc4efeeabae4f35027b1efa7c0ce6a
2,Ehrenfest,3,1,0.1,0.00067,-0.0029,48ff027d64bc4efeeabae4f35027b1efa7c0ce6a
3,Ehrenfest,200,0.1,0.01,-5.1e-14,4.6e-06,48ff027d64bc4efeeabae4f35027b1efa7c0ce6a
2,Ehrenfest,3,1,0.1,0.00058,-0.0024,48ff027d64bc4efeeabae4f35027b1efa7c0ce6a
2,Ehrenfest,3,1,0.1,0.00066,-0.0027,48ff027d64bc4efeeabae4f35027b1efa7c0ce6a
2,Ehrenfest,3,1,0.1,0.00056,-0.0023,48ff027d64bc4efeeabae4f35027b1efa7c0ce6a
2,Ehrenfest,1,1,0.1,0.0012,-0.0052,48ff027d64bc4efeeabae4f35027b1efa7c0ce6a
1,Ehrenfest,1,1,0.1,-1.9e-13,-1e-09,48ff027d64bc4efeeabae4f35027b1efa7c0ce6a
1,Ehrenfest,1,1,0.1,-1.9e-13,-1e-09,48ff027d64bc4efeeabae4f35027b1efa7c0ce6a
1,Ehrenfest,1,1,0.1,-1.9e-13,-1e-09,48ff027d64bc4efeeabae4f35027b1efa7c0ce6a
1,Ehrenfest,1,1,0.1,-1.9e-13,-1e-09,48ff027d64bc4efeeabae4f35027b1efa7c0ce6a
1,Ehrenfest,1,1,0.1,-1.9e-13,-1e-09,48ff027d64bc4efeeabae4f35027b1efa7c0ce6a
1,Ehrenfest,1,1,0.1,-1.9e-13,-1e-09,48ff027d64bc4efeeabae4f35027b1efa7c0ce6a
1,Ehrenfest,1,1,0.1,-1.9e-13,-1e-09,48ff027d64bc4efeeabae4f35027b1efa7c0ce6a
1,Ehrenfest,1,1,0.1,-1.9e-13,-1e-09,48ff027d64bc4efeeabae4f35027b1efa7c0ce6a
1,Ehrenfest,1,1,0.1,-1.9e-13,-1e-09,48ff027d64bc4efeeabae4f35027b1efa7c0ce6a
1,Ehrenfest,1,1,0.1,-1.9e-13,-1e-09,48ff027d64bc4efeeabae4f35027b1efa7c0ce6a
1,Ehrenfest,1,1,0.1,-1.9e-13,-1e-09,48ff027d64bc4efeeabae4f35027b1efa7c0ce6a
1,Ehrenfest,1,1,0.1,-1.9e-13,-1e-09,48ff027d64bc4efeeabae4f35027b1efa7c0ce6a
1,Ehrenfest,1,1,0.1,-1.9e-13,-1e-09,48ff027d64bc4efeeabae4f35027b1efa7c0ce6a
1,Ehrenfest,1,1,0.1,-1.9e-13,-1e-09,48ff027d64bc4efeeabae4f35027b1efa7c0ce6a
3,CTMQC,60,0.1,0.002,3.5e-05,0.077,48ff027d64bc4efeeabae4f35027b1efa7c0ce6a
1,Ehrenfest,1,1,0.1,-1.9e-13,-1e-09,48ff027d64bc4efeeabae4f35027b1efa7c0ce6a
1,Ehrenfest,1,1,0.1,-3.4e-11,-2.8e-05,48ff027d64bc4efeeabae4f35027b1efa7c0ce6a
3,Ehrenfest,1,0.5,0.05,-9e-10,0.00012,48ff027d64bc4efeeabae4f35027b1efa7c0ce6a
3,Ehrenfest,1,0.5,0.1,-3e-08,0.00012,48ff027d64bc4efeeabae4f35027b1efa7c0ce6a
3,Ehrenfest,1,0.5,0.1,-3e-08,0.00012,48ff027d64bc4efeeabae4f35027b1efa7c0ce6a
4,Ehrenfest,5,0.5,0.1,-4.2e-08,0.00017,48ff027d64bc4efeeabae4f35027b1efa7c0ce6a
2,Ehrenfest,1,0.5,0.1,-1.3e-10,-2.7e-05,48ff027d64bc4efeeabae4f35027b1efa7c0ce6a
3,Ehrenfest,1,0.5,0.1,-3e-08,0.00012,48ff027d64bc4efeeabae4f35027b1efa7c0ce6a
4,Ehrenfest,1,0.5,0.1,-2.8e-08,0.00022,48ff027d64bc4efeeabae4f35027b1efa7c0ce6a
2,Ehrenfest,1,0.5,0.1,-9e-11,4.4e-05,48ff027d64bc4efeeabae4f35027b1efa7c0ce6a
1,Ehrenfest,1,0.5,0.1,-2.1e-11,-8.7e-06,48ff027d64bc4efeeabae4f35027b1efa7c0ce6a
4,Ehrenfest,1,0.5,0.1,-1.9e-08,4.5e-06,48ff027d64bc4efeeabae4f35027b1efa7c0ce6a
3,Ehrenfest,1,0.5,0.1,-5.9e-08,3e-06,48ff027d64bc4efeeabae4f35027b1efa7c0ce6a
1,Ehrenfest,1,0.5,0.1,-1.8e-11,-1.1e-05,48ff027d64bc4efeeabae4f35027b1efa7c0ce6a
2,Ehrenfest,200,0.5,0.1,9.9e-11,-4.9e-05,48ff027d64bc4efeeabae4f35027b1efa7c0ce6a
2,Ehrenfest,200,0.5,0.1,4.3e-10,-0.00079,48ff027d64bc4efeeabae4f35027b1efa7c0ce6a
2,Ehrenfest,200,0.5,0.1,1.9e-10,-9.9e-05,48ff027d64bc4efeeabae4f35027b1efa7c0ce6a
2,Ehrenfest,200,0.5,0.1,2.6e-10,-0.00013,48ff027d64bc4efeeabae4f35027b1efa7c0ce6a
2,Ehrenfest,200,0.5,0.1,-8.6e-11,-3.2e-05,48ff027d64bc4efeeabae4f35027b1efa7c0ce6a
2,Ehrenfest,200,0.5,0.1,-8.1e-11,-3.3e-05,48ff027d64bc4efeeabae4f35027b1efa7c0ce6a
1,Ehrenfest,200,0.5,0.1,-8.1e-15,-3.2e-10,48ff027d64bc4efeeabae4f35027b1efa7c0ce6a
1,Ehrenfest,200,0.5,0.1,2.2e-10,-0.0002,48ff027d64bc4efeeabae4f35027b1efa7c0ce6a
4,Ehrenfest,200,0.5,0.1,-2.8e-08,0.00022,48ff027d64bc4efeeabae4f35027b1efa7c0ce6a
4,Ehrenfest,200,0.5,0.1,-2.8e-08,0.00022,48ff027d64bc4efeeabae4f35027b1efa7c0ce6a
4,Ehrenfest,200,0.5,0.1,-2.8e-08,0.00022,48ff027d64bc4efeeabae4f35027b1efa7c0ce6a
1,Ehrenfest,200,0.5,0.1,-4.7e-15,-5.8e-11,48ff027d64bc4efeeabae4f35027b1efa7c0ce6a
1,Ehrenfest,200,0.5,0.1,-2.6e-14,-7.4e-11,48ff027d64bc4efeeabae4f35027b1efa7c0ce6a
2,Ehrenfest,200,0.5,0.1,4.8e-10,-0.00073,48ff027d64bc4efeeabae4f35027b1efa7c0ce6a
1,Ehrenfest,200,0.5,0.1,8.6e-11,-3.5e-05,48ff027d64bc4efeeabae4f35027b1efa7c0ce6a
3,Ehrenfest,200,0.5,0.1,-3.1e-08,0.00012,48ff027d64bc4efeeabae4f35027b1efa7c0ce6a
3,Ehrenfest,200,0.5,0.1,-3.1e-08,0.00012,48ff027d64bc4efeeabae4f35027b1efa7c0ce6a
3,Ehrenfest,200,0.5,0.1,-3.1e-08,0.00012,48ff027d64bc4efeeabae4f35027b1efa7c0ce6a
4,Ehrenfest,200,0.5,0.1,-2.8e-08,0.00022,48ff027d64bc4efeeabae4f35027b1efa7c0ce6a
2,Ehrenfest,200,0.5,0.1,2e-10,-0.0001,48ff027d64bc4efeeabae4f35027b1efa7c0ce6a
2,Ehrenfest,200,0.5,0.1,-3.7e-11,4.3e-05,48ff027d64bc4efeeabae4f35027b1efa7c0ce6a
2,Ehrenfest,200,0.5,0.1,-8.6e-11,-3.3e-05,48ff027d64bc4efeeabae4f35027b1efa7c0ce6a
4,Ehrenfest,200,0.5,0.1,-2.8e-08,0.00022,48ff027d64bc4efeeabae4f35027b1efa7c0ce6a
1,Ehrenfest,200,0.5,0.1,-1.6e-11,-8.6e-06,48ff027d64bc4efeeabae4f35027b1efa7c0ce6a
3,Ehrenfest,200,0.5,0.1,-3.1e-08,0.00012,48ff027d64bc4efeeabae4f35027b1efa7c0ce6a
1,Ehrenfest,200,0.5,0.1,-5.1e-14,-6.6e-11,48ff027d64bc4efeeabae4f35027b1efa7c0ce6a
1,Ehrenfest,200,0.5,0.1,4.1e-14,-1.1e-09,48ff027d64bc4efeeabae4f35027b1efa7c0ce6a
1,Ehrenfest,200,0.5,0.1,5.2e-14,-1.1e-10,48ff027d64bc4efeeabae4f35027b1efa7c0ce6a
2,Ehrenfest,200,0.5,0.1,4.9e-10,-0.00074,48ff027d64bc4efeeabae4f35027b1efa7c0ce6a
4,Ehrenfest,200,0.5,0.1,-1.8e-08,4.4e-06,48ff027d64bc4efeeabae4f35027b1efa7c0ce6a
4,Ehrenfest,200,0.5,0.1,-1.8e-08,4.4e-06,48ff027d64bc4efeeabae4f35027b1efa7c0ce6a
4,Ehrenfest,200,0.5,0.1,-1.8e-08,4.4e-06,48ff027d64bc4efeeabae4f35027b1efa7c0ce6a
1,Ehrenfest,200,0.5,0.1,-1.3e-11,-8.6e-06,48ff027d64bc4efeeabae4f35027b1efa7c0ce6a
3,Ehrenfest,200,0.5,0.1,-3.1e-08,0.00012,48ff027d64bc4efeeabae4f35027b1efa7c0ce6a
2,Ehrenfest,200,0.5,0.1,2.6e-10,-0.00014,48ff027d64bc4efeeabae4f35027b1efa7c0ce6a
4,Ehrenfest,200,0.5,0.1,-2.8e-08,0.00022,48ff027d64bc4efeeabae4f35027b1efa7c0ce6a
1,Ehrenfest,200,0.5,0.1,8.7e-11,-0.0001,48ff027d64bc4efeeabae4f35027b1efa7c0ce6a
4,Ehrenfest,200,0.5,0.1,-2.8e-08,0.00022,48ff027d64bc4efeeabae4f35027b1efa7c0ce6a
2,Ehrenfest,200,0.5,0.1,-7.6e-11,-3.3e-05,48ff027d64bc4efeeabae4f35027b1efa7c0ce6a
1,Ehrenfest,200,0.5,0.1,1.8e-13,-1.6e-07,48ff027d64bc4efeeabae4f35027b1efa7c0ce6a
4,Ehrenfest,200,0.5,0.1,-1.8e-08,4.4e-06,48ff027d64bc4efeeabae4f35027b1efa7c0ce6a
2,Ehrenfest,200,0.5,0.1,2.4e-10,-0.00013,48ff027d64bc4efeeabae4f35027b1efa7c0ce6a
3,Ehrenfest,200,0.5,0.1,-3.1e-08,0.00012,48ff027d64bc4efeeabae4f35027b1efa7c0ce6a
2,Ehrenfest,200,0.5,0.1,3.7e-10,-0.00067,48ff027d64bc4efeeabae4f35027b1efa7c0ce6a
3,Ehrenfest,200,0.5,0.1,-3.1e-08,0.00012,48ff027d64bc4efeeabae4f35027b1efa7c0ce6a
1,Ehrenfest,200,0.5,0.1,-2.5e-14,-8.6e-11,48ff027d64bc4efeeabae4f35027b1efa7c0ce6a
4,Ehrenfest,200,0.5,0.1,-1.8e-08,4.4e-06,48ff027d64bc4efeeabae4f35027b1efa7c0ce6a
1,Ehrenfest,200,0.5,0.1,8.4e-11,-0.0001,48ff027d64bc4efeeabae4f35027b1efa7c0ce6a
1,Ehrenfest,200,0.5,0.1,1.1e-13,-2.2e-10,48ff027d64bc4efeeabae4f35027b1efa7c0ce6a
2,Ehrenfest,200,0.5,0.1,1.1e-10,-4.6e-05,48ff027d64bc4efeeabae4f35027b1efa7c0ce6a
4,Ehrenfest,200,0.5,0.1,-2.8e-08,0.00022,48ff027d64bc4efeeabae4f35027b1efa7c0ce6a
2,Ehrenfest,200,0.5,0.1,4.9e-10,-0.00077,48ff027d64bc4efeeabae4f35027b1efa7c0ce6a
3,Ehrenfest,200,0.5,0.1,-6e-08,3.1e-06,48ff027d64bc4efeeabae4f35027b1efa7c0ce6a
3,Ehrenfest,200,0.5,0.1,-6e-08,3e-06,48ff027d64bc4efeeabae4f35027b1efa7c0ce6a
3,Ehrenfest,200,0.5,0.1,-6e-08,3e-06,48ff027d64bc4efeeabae4f35027b1efa7c0ce6a
4,Ehrenfest,200,0.5,0.1,-1.8e-08,4.4e-06,48ff027d64bc4efeeabae4f35027b1efa7c0ce6a
3,Ehrenfest,200,0.5,0.1,-3.1e-08,0.00012,48ff027d64bc4efeeabae4f35027b1efa7c0ce6a
1,Ehrenfest,200,0.5,0.1,8e-12,-3.2e-06,48ff027d64bc4efeeabae4f35027b1efa7c0ce6a
4,Ehrenfest,200,0.5,0.1,-2.8e-08,0.00022,48ff027d64bc4efeeabae4f35027b1efa7c0ce6a
2,Ehrenfest,200,0.5,0.1,2.8e-10,-0.00014,48ff027d64bc4efeeabae4f35027b1efa7c0ce6a
4,Ehrenfest,200,0.5,0.1,-1.8e-08,4.4e-06,48ff027d64bc4efeeabae4f35027b1efa7c0ce6a
4,Ehrenfest,200,0.5,0.1,-2.8e-08,0.00022,48ff027d64bc4efeeabae4f35027b1efa7c0ce6a
1,Ehrenfest,200,0.5,0.1,-1e-14,-8.4e-10,48ff027d64bc4efeeabae4f35027b1efa7c0ce6a
2,Ehrenfest,200,0.5,0.1,-8e-11,-3.3e-05,48ff027d64bc4efeeabae4f35027b1efa7c0ce6a
3,Ehrenfest,200,0.5,0.1,-3.1e-08,0.00012,48ff027d64bc4efeeabae4f35027b1efa7c0ce6a
3,Ehrenfest,200,0.5,0.1,-6e-08,3.1e-06,48ff027d64bc4efeeabae4f35027b1efa7c0ce6a
2,Ehrenfest,200,0.5,0.1,2e-11,-3.5e-06,48ff027d64bc4efeeabae4f35027b1efa7c0ce6a
2,Ehrenfest,200,0.5,0.1,4.9e-13,-3e-06,48ff027d64bc4efeeabae4f35027b1efa7c0ce6a
2,Ehrenfest,200,0.5,0.1,-2.4e-11,2e-06,48ff027d64bc4efeeabae4f35027b1efa7c0ce6a
2,Ehrenfest,200,0.5,0.1,1.5e-11,-1.9e-06,48ff027d64bc4efeeabae4f35027b1efa7c0ce6a
2,Ehrenfest,200,0.5,0.1,5.7e-12,2.1e-06,48ff027d64bc4efeeabae4f35027b1efa7c0ce6a
4,Ehrenfest,200,0.5,0.1,-2.3e-11,-1.6e-09,48ff027d64bc4efeeabae4f35027b1efa7c0ce6a
4,Ehrenfest,200,0.5,0.1,-1.2e-11,-3.8e-09,48ff027d64bc4efeeabae4f35027b1efa7c0ce6a
4,Ehrenfest,200,0.5,0.1,4.5e-11,-2.2e-09,48ff027d64bc4efeeabae4f35027b1efa7c0ce6a
4,Ehrenfest,200,0.5,0.1,-1.9e-12,-4.1e-11,48ff027d64bc4efeeabae4f35027b1efa7c0ce6a
2,Ehrenfest,200,0.5,0.1,1.5e-12,2.7e-06,48ff027d64bc4efeeabae4f35027b1efa7c0ce6a
4,Ehrenfest,200,0.5,0.1,5.3e-12,-3.2e-11,48ff027d64bc4efeeabae4f35027b1efa7c0ce6a
4,Ehrenfest,200,0.5,0.1,2.7e-12,-3e-11,48ff027d64bc4efeeabae4f35027b1efa7c0ce6a
2,Ehrenfest,200,0.5,0.1,6.4e-11,-1.1e-05,48ff027d64bc4efeeabae4f35027b1efa7c0ce6a
2,Ehrenfest,200,0.5,0.1,4.1e-11,-1.2e-05,48ff027d64bc4efeeabae4f35027b1efa7c0ce6a
2,Ehrenfest,200,0.5,0.1,-1.5e-10,-4.6e-05,48ff027d64bc4efeeabae4f35027b1efa7c0ce6a
2,Ehrenfest,200,0.5,0.1,1.1e-11,-4.3e-05,48ff027d64bc4efeeabae4f35027b1efa7c0ce6a
4,Ehrenfest,200,0.5,0.1,1.6e-10,-2.9e-10,48ff027d64bc4efeeabae4f35027b1efa7c0ce6a
2,Ehrenfest,200,0.5,0.1,-4.3e-11,-5e-05,48ff027d64bc4efeeabae4f35027b1efa7c0ce6a
4,Ehrenfest,200,0.5,0.1,-6.9e-11,-5.7e-10,48ff027d64bc4efeeabae4f35027b1efa7c0ce6a
4,Ehrenfest,200,0.5,0.1,1.4e-11,-5.5e-10,48ff027d64bc4efeeabae4f35027b1efa7c0ce6a
4,Ehrenfest,200,0.5,0.1,8.7e-12,-1.5e-11,48ff027d64bc4efeeabae4f35027b1efa7c0ce6a
2,Ehrenfest,200,0.5,0.1,2.1e-11,-1.1e-05,48ff027d64bc4efeeabae4f35027b1efa7c0ce6a
4,Ehrenfest,200,0.5,0.1,-6.4e-12,-1.9e-11,48ff027d64bc4efeeabae4f35027b1efa7c0ce6a
4,Ehrenfest,200,0.5,0.1,-1.5e-11,-2.4e-11,48ff027d64bc4efeeabae4f35027b1efa7c0ce6a
2,Ehrenfest,200,0.5,0.1,4.4e-10,-0.00076,48ff027d64bc4efeeabae4f35027b1efa7c0ce6a
1,Ehrenfest,200,0.5,0.1,-1.4e-12,4.9e-13,48ff027d64bc4efeeabae4f35027b1efa7c0ce6a
4,Ehrenfest,200,0.5,0.1,-4.3e-12,-1e-05,48ff027d64bc4efeeabae4f35027b1efa7c0ce6a
2,Ehrenfest,200,0.5,0.1,4.7e-10,-0.00071,48ff027d64bc4efeeabae4f35027b1efa7c0ce6a
4,Ehrenfest,200,0.5,0.1,1.8e-11,-1.5e-05,48ff027d64bc4efeeabae4f35027b1efa7c0ce6a
2,Ehrenfest,200,0.5,0.1,4.8e-10,-0.00075,48ff027d64bc4efeeabae4f35027b1efa7c0ce6a
4,Ehrenfest,200,0.5,0.1,-4.6e-12,-2.8e-10,48ff027d64bc4efeeabae4f35027b1efa7c0ce6a
2,Ehrenfest,200,0.5,0.1,3.2e-11,-9.3e-06,48ff027d64bc4efeeabae4f35027b1efa7c0ce6a
2,Ehrenfest,200,0.5,0.1,4.5e-11,-2.7e-05,48ff027d64bc4efeeabae4f35027b1efa7c0ce6a
2,Ehrenfest,200,0.5,0.1,5.7e-11,-2.8e-05,48ff027d64bc4efeeabae4f35027b1efa7c0ce6a
4,Ehrenfest,200,0.5,0.1,-6.8e-13,-2.2e-10,48ff027d64bc4efeeabae4f35027b1efa7c0ce6a
4,Ehrenfest,200,0.5,0.1,1.4e-11,-1.7e-05,48ff027d64bc4efeeabae4f35027b1efa7c0ce6a
4,Ehrenfest,200,0.5,0.1,3.1e-12,-4.3e-10,48ff027d64bc4efeeabae4f35027b1efa7c0ce6a
2,Ehrenfest,200,0.5,0.1,-1.9e-11,-3.3e-05,48ff027d64bc4efeeabae4f35027b1efa7c0ce6a
2,Ehrenfest,200,0.5,0.1,-1.9e-11,-3.2e-05,48ff027d64bc4efeeabae4f35027b1efa7c0ce6a
2,Ehrenfest,200,0.5,0.1,-1.9e-11,-3.4e-05,48ff027d64bc4efeeabae4f35027b1efa7c0ce6a
2,Ehrenfest,200,0.5,0.1,-1.9e-11,-3.2e-05,332ef64022d55228c41a06539140b2f95f3a75a3
2,Ehrenfest,200,0.5,0.1,-1.9e-11,-3.3e-05,332ef64022d55228c41a06539140b2f95f3a75a3
2,Ehrenfest,200,0.5,0.1,-1.9e-11,-3.3e-05,332ef64022d55228c41a06539140b2f95f3a75a3
4,Ehrenfest,200,0.5,0.1,-2.8e-08,0.00022,332ef64022d55228c41a06539140b2f95f3a75a3
4,Ehrenfest,200,0.5,0.1,-2.8e-08,0.00022,332ef64022d55228c41a06539140b2f95f3a75a3
4,Ehrenfest,200,0.5,0.1,-2.8e-08,0.00022,332ef64022d55228c41a06539140b2f95f3a75a3
2,Ehrenfest,200,0.5,0.1,-6.5e-12,4.3e-05,332ef64022d55228c41a06539140b2f95f3a75a3
2,Ehrenfest,200,0.5,0.1,-6.5e-12,4.3e-05,332ef64022d55228c41a06539140b2f95f3a75a3
2,Ehrenfest,200,0.5,0.1,-6.5e-12,4.3e-05,332ef64022d55228c41a06539140b2f95f3a75a3
3,CTMQC,40,0.5,0.1,-3.3e-14,1.5e-07,332ef64022d55228c41a06539140b2f95f3a75a3
3,Ehrenfest,200,0.5,0.1,-3.1e-08,0.00012,332ef64022d55228c41a06539140b2f95f3a75a3
3,Ehrenfest,200,0.5,0.1,-3.1e-08,0.00012,332ef64022d55228c41a06539140b2f95f3a75a3
3,Ehrenfest,200,0.5,0.1,-3.1e-08,0.00012,332ef64022d55228c41a06539140b2f95f3a75a3
3,CTMQC,40,0.5,0.25,-1e-14,1.9e-06,332ef64022d55228c41a06539140b2f95f3a75a3
1,Ehrenfest,200,0.5,0.1,-2.9e-15,-4e-05,332ef64022d55228c41a06539140b2f95f3a75a3
3,CTMQC,40,0.5,0.25,0.0039,0.19,332ef64022d55228c41a06539140b2f95f3a75a3
2,Ehrenfest,200,0.5,0.1,-1.9e-11,-3.4e-05,332ef64022d55228c41a06539140b2f95f3a75a3
1,Ehrenfest,200,0.5,0.1,-4.6e-15,-8.6e-06,332ef64022d55228c41a06539140b2f95f3a75a3
1,Ehrenfest,200,0.5,0.1,-8.9e-15,-8.6e-06,332ef64022d55228c41a06539140b2f95f3a75a3
4,Ehrenfest,200,0.5,0.1,-2.8e-08,0.00022,332ef64022d55228c41a06539140b2f95f3a75a3
1,Ehrenfest,200,0.5,0.1,-1.1e-14,-8.6e-06,332ef64022d55228c41a06539140b2f95f3a75a3
4,Ehrenfest,200,0.5,0.1,-1.8e-08,4.4e-06,332ef64022d55228c41a06539140b2f95f3a75a3
4,Ehrenfest,200,0.5,0.1,-1.8e-08,4.4e-06,332ef64022d55228c41a06539140b2f95f3a75a3
4,Ehrenfest,200,0.5,0.1,-1.8e-08,4.4e-06,332ef64022d55228c41a06539140b2f95f3a75a3
3,Ehrenfest,200,0.5,0.1,-3.1e-08,0.00012,332ef64022d55228c41a06539140b2f95f3a75a3
2,Ehrenfest,200,0.5,0.1,-1.9e-11,-3.1e-05,332ef64022d55228c41a06539140b2f95f3a75a3
2,Ehrenfest,200,0.5,0.1,-6.5e-12,4.3e-05,332ef64022d55228c41a06539140b2f95f3a75a3
4,Ehrenfest,200,0.5,0.1,-2.8e-08,0.00022,332ef64022d55228c41a06539140b2f95f3a75a3
3,CTMQC,200,0.5,0.25,0.003,0.15,332ef64022d55228c41a06539140b2f95f3a75a3
1,Ehrenfest,200,0.5,0.1,9.7e-17,-1.1e-05,332ef64022d55228c41a06539140b2f95f3a75a3
1,Ehrenfest,200,0.5,0.1,3.1e-15,-1.1e-05,332ef64022d55228c41a06539140b2f95f3a75a3
3,Ehrenfest,200,0.5,0.1,-3.1e-08,0.00012,332ef64022d55228c41a06539140b2f95f3a75a3
1,Ehrenfest,200,0.5,0.1,-8.2e-15,-8.6e-06,332ef64022d55228c41a06539140b2f95f3a75a3
2,Ehrenfest,200,0.5,0.1,-6.5e-12,4.3e-05,332ef64022d55228c41a06539140b2f95f3a75a3
4,Ehrenfest,200,0.5,0.1,-1.8e-08,4.4e-06,332ef64022d55228c41a06539140b2f95f3a75a3
2,Ehrenfest,200,0.5,0.1,-1.9e-11,-3.3e-05,332ef64022d55228c41a06539140b2f95f3a75a3
4,Ehrenfest,200,0.5,0.1,-2.8e-08,0.00022,332ef64022d55228c41a06539140b2f95f3a75a3
3,Ehrenfest,200,0.5,0.1,-6e-08,3e-06,332ef64022d55228c41a06539140b2f95f3a75a3
3,Ehrenfest,200,0.5,0.1,-6e-08,3e-06,332ef64022d55228c41a06539140b2f95f3a75a3
3,Ehrenfest,200,0.5,0.1,-6e-08,3.1e-06,332ef64022d55228c41a06539140b2f95f3a75a3
1,Ehrenfest,200,0.5,0.1,-9.4e-15,-8.6e-06,332ef64022d55228c41a06539140b2f95f3a75a3
4,Ehrenfest,200,0.5,0.1,-1.8e-08,4.4e-06,332ef64022d55228c41a06539140b2f95f3a75a3
2,Ehrenfest,200,0.5,0.1,-6.5e-12,4.3e-05,332ef64022d55228c41a06539140b2f95f3a75a3
3,Ehrenfest,200,0.5,0.1,-3.1e-08,0.00012,332ef64022d55228c41a06539140b2f95f3a75a3
2,Ehrenfest,200,0.5,0.1,-1.9e-11,-3.3e-05,332ef64022d55228c41a06539140b2f95f3a75a3
4,Ehrenfest,200,0.5,0.1,-2.8e-08,0.00022,332ef64022d55228c41a06539140b2f95f3a75a3
1,Ehrenfest,200,0.5,0.1,-6.3e-17,-1.1e-05,332ef64022d55228c41a06539140b2f95f3a75a3
2,Ehrenfest,200,0.5,0.1,-6.5e-12,4.3e-05,332ef64022d55228c41a06539140b2f95f3a75a3
4,Ehrenfest,200,0.5,0.1,-2.8e-08,0.00022,332ef64022d55228c41a06539140b2f95f3a75a3
1,Ehrenfest,200,0.5,0.1,2e-15,-8.6e-06,332ef64022d55228c41a06539140b2f95f3a75a3
3,Ehrenfest,200,0.5,0.1,-3.1e-08,0.00012,332ef64022d55228c41a06539140b2f95f3a75a3
3,Ehrenfest,200,0.5,0.1,-6e-08,3.1e-06,332ef64022d55228c41a06539140b2f95f3a75a3
4,Ehrenfest,200,0.5,0.1,-1.8e-08,4.4e-06,332ef64022d55228c41a06539140b2f95f3a75a3
2,Ehrenfest,200,0.5,0.1,-1.9e-11,-3.2e-05,332ef64022d55228c41a06539140b2f95f3a75a3
1,Ehrenfest,200,0.5,0.1,-3.9e-15,-1.1e-05,332ef64022d55228c41a06539140b2f95f3a75a3
1,Ehrenfest,200,0.5,0.1,1.8e-14,-1.7e-05,332ef64022d55228c41a06539140b2f95f3a75a3
3,Ehrenfest,200,0.5,0.1,-3.1e-08,0.00012,332ef64022d55228c41a06539140b2f95f3a75a3
1,Ehrenfest,200,0.5,0.1,-5.3e-15,-8.6e-06,332ef64022d55228c41a06539140b2f95f3a75a3
3,Ehrenfest,200,0.5,0.1,-6e-08,3.1e-06,332ef64022d55228c41a06539140b2f95f3a75a3
4,Ehrenfest,200,0.5,0.1,-2.8e-08,0.00022,332ef64022d55228c41a06539140b2f95f3a75a3
4,Ehrenfest,200,0.5,0.1,-1.8e-08,4.4e-06,332ef64022d55228c41a06539140b2f95f3a75a3
2,Ehrenfest,200,0.5,0.1,-6.5e-12,4.4e-05,332ef64022d55228c41a06539140b2f95f3a75a3
2,Ehrenfest,200,0.5,0.1,-1.9e-11,-3.3e-05,332ef64022d55228c41a06539140b2f95f3a75a3
1,Ehrenfest,200,0.5,0.1,-6.4e-15,-1.1e-05,332ef64022d55228c41a06539140b2f95f3a75a3
2,Ehrenfest,200,0.5,0.1,-6.5e-12,4.3e-05,332ef64022d55228c41a06539140b2f95f3a75a3
2,Ehrenfest,200,0.5,0.1,-1.9e-11,-3.1e-05,332ef64022d55228c41a06539140b2f95f3a75a3
3,Ehrenfest,200,0.5,0.1,-3.1e-08,0.00012,332ef64022d55228c41a06539140b2f95f3a75a3
4,Ehrenfest,200,0.5,0.1,-2.8e-08,0.00022,332ef64022d55228c41a06539140b2f95f3a75a3
1,Ehrenfest,200,0.5,0.1,-5.2e-15,-8.6e-06,332ef64022d55228c41a06539140b2f95f3a75a3
3,Ehrenfest,200,0.5,0.1,-3.1e-08,0.00012,332ef64022d55228c41a06539140b2f95f3a75a3
1,Ehrenfest,200,0.5,0.1,9.1e-15,-2.8e-05,332ef64022d55228c41a06539140b2f95f3a75a3
3,Ehrenfest,200,0.5,0.1,-6e-08,3.1e-06,332ef64022d55228c41a06539140b2f95f3a75a3
4,Ehrenfest,200,0.5,0.1,-1.8e-08,4.4e-06,332ef64022d55228c41a06539140b2f95f3a75a3
2,Ehrenfest,200,0.5,0.1,-6.5e-12,4.3e-05,332ef64022d55228c41a06539140b2f95f3a75a3
1,Ehrenfest,200,0.5,0.1,-9.7e-15,-8.6e-06,332ef64022d55228c41a06539140b2f95f3a75a3
4,Ehrenfest,200,0.5,0.1,-1.8e-08,4.4e-06,332ef64022d55228c41a06539140b2f95f3a75a3
3,Ehrenfest,200,0.5,0.1,-6e-08,3.1e-06,332ef64022d55228c41a06539140b2f95f3a75a3
1,Ehrenfest,200,0.5,0.1,-6.5e-15,-8.6e-06,332ef64022d55228c41a06539140b2f95f3a75a3
1,Ehrenfest,200,0.5,0.1,6.7e-15,-1.1e-05,332ef64022d55228c41a06539140b2f95f3a75a3
4,Ehrenfest,200,0.5,0.1,-1.8e-08,4.4e-06,332ef64022d55228c41a06539140b2f95f3a75a3
3,Ehrenfest,200,0.5,0.1,-6e-08,3.1e-06,332ef64022d55228c41a06539140b2f95f3a75a3
1,Ehrenfest,200,0.5,0.1,-3.6e-16,-1.1e-05,332ef64022d55228c41a06539140b2f95f3a75a3
3,Ehrenfest,200,0.5,0.1,-6e-08,3.1e-06,332ef64022d55228c41a06539140b2f95f3a75a3
3,Ehrenfest,200,0.5,0.1,-6e-08,3.1e-06,332ef64022d55228c41a06539140b2f95f3a75a3
3,CTMQC,60,0.5,0.25,0.0096,0.32,332ef64022d55228c41a06539140b2f95f3a75a3
3,CTMQC,60,0.5,0.25,0.0064,0.25,332ef64022d55228c41a06539140b2f95f3a75a3
3,CTMQC,60,0.5,0.25,9.3e-14,-1e-09,332ef64022d55228c41a06539140b2f95f3a75a3
3,CTMQC,60,0.5,0.25,6e-13,-4.6e-10,332ef64022d55228c41a06539140b2f95f3a75a3
3,CTMQC,60,0.5,0.25,7.9e-15,-1.6e-07,332ef64022d55228c41a06539140b2f95f3a75a3
3,CTMQC,60,0.5,0.25,0.34,-0.0033,332ef64022d55228c41a06539140b2f95f3a75a3
3,CTMQC,60,0.5,0.25,-1.2e-13,-3.3e-10,332ef64022d55228c41a06539140b2f95f3a75a3
3,CTMQC,4,0.5,0.25,1.8e-13,-3.2e-07,332ef64022d55228c41a06539140b2f95f3a75a3
3,CTMQC,200,0.5,0.25,0.0082,0.3,332ef64022d55228c41a06539140b2f95f3a75a3
3,CTMQC,20,0.5,0.25,0.0066,0.27,332ef64022d55228c41a06539140b2f95f3a75a3
3,CTMQC,40,0.5,0.25,0.0063,0.26,332ef64022d55228c41a06539140b2f95f3a75a3
3,CTMQC,60,0.5,0.25,0.0073,0.28,332ef64022d55228c41a06539140b2f95f3a75a3
3,CTMQC,80,0.5,0.25,0.0073,0.27,332ef64022d55228c41a06539140b2f95f3a75a3
3,CTMQC,100,0.5,0.25,0.0079,0.27,332ef64022d55228c41a06539140b2f95f3a75a3
3,CTMQC,120,0.5,0.25,0.0083,0.29,332ef64022d55228c41a06539140b2f95f3a75a3
3,CTMQC,140,0.5,0.25,0.0082,0.3,332ef64022d55228c41a06539140b2f95f3a75a3
3,CTMQC,160,0.5,0.25,0.0079,0.28,332ef64022d55228c41a06539140b2f95f3a75a3
3,CTMQC,180,0.5,0.25,0.0077,0.29,332ef64022d55228c41a06539140b2f95f3a75a3
3,CTMQC,200,0.5,0.25,0.0082,0.29,332ef64022d55228c41a06539140b2f95f3a75a3
3,CTMQC,250,0.5,0.25,0.008,0.29,332ef64022d55228c41a06539140b2f95f3a75a3
3,CTMQC,300,0.5,0.25,0.0083,0.29,332ef64022d55228c41a06539140b2f95f3a75a3
3,CTMQC,20,0.5,0.25,0.0075,0.28,332ef64022d55228c41a06539140b2f95f3a75a3
3,CTMQC,20,0.5,0.25,0.0073,0.24,332ef64022d55228c41a06539140b2f95f3a75a3
3,CTMQC,40,0.5,0.25,0.0077,0.29,332ef64022d55228c41a06539140b2f95f3a75a3
3,CTMQC,60,0.5,0.25,0.0078,0.31,332ef64022d55228c41a06539140b2f95f3a75a3
3,CTMQC,80,0.5,0.25,0.0082,0.29,332ef64022d55228c41a06539140b2f95f3a75a3
3,CTMQC,100,0.5,0.25,0.0065,0.27,332ef64022d55228c41a06539140b2f95f3a75a3
3,CTMQC,120,0.5,0.25,0.0083,0.3,332ef64022d55228c41a06539140b2f95f3a75a3
3,CTMQC,140,0.5,0.25,0.0076,0.28,332ef64022d55228c41a06539140b2f95f3a75a3
3,CTMQC,160,0.5,0.25,0.0087,0.29,332ef64022d55228c41a06539140b2f95f3a75a3
3,CTMQC,180,0.5,0.25,0.0081,0.29,332ef64022d55228c41a06539140b2f95f3a75a3
3,CTMQC,200,0.5,0.25,0.008,0.28,332ef64022d55228c41a06539140b2f95f3a75a3
3,CTMQC,250,0.5,0.25,0.0086,0.3,332ef64022d55228c41a06539140b2f95f3a75a3
3,CTMQC,300,0.5,0.25,0.0082,0.29,332ef64022d55228c41a06539140b2f95f3a75a3
3,CTMQC,20,0.5,0.25,0.074,0.35,332ef64022d55228c41a06539140b2f95f3a75a3
3,CTMQC,40,0.5,0.25,0.047,0.15,332ef64022d55228c41a06539140b2f95f3a75a3
3,CTMQC,60,0.5,0.25,0.052,0.051,332ef64022d55228c41a06539140b2f95f3a75a3
3,CTMQC,80,0.5,0.25,0.053,0.13,332ef64022d55228c41a06539140b2f95f3a75a3
3,CTMQC,100,0.5,0.25,0.065,0.11,332ef64022d55228c41a06539140b2f95f3a75a3
3,CTMQC,120,0.5,0.25,0.12,0.17,332ef64022d55228c41a06539140b2f95f3a75a3
3,CTMQC,140,0.5,0.25,0.044,0.087,332ef64022d55228c41a06539140b2f95f3a75a3
3,CTMQC,160,0.5,0.25,0.092,0.29,332ef64022d55228c41a06539140b2f95f3a75a3
3,CTMQC,180,0.5,0.25,0.11,0.21,332ef64022d55228c41a06539140b2f95f3a75a3
3,CTMQC,200,0.5,0.25,0.075,0.2,332ef64022d55228c41a06539140b2f95f3a75a3
3,CTMQC,250,0.5,0.25,0.29,0.18,332ef64022d55228c41a06539140b2f95f3a75a3
3,CTMQC,300,0.5,0.25,0.071,0.11,332ef64022d55228c41a06539140b2f95f3a75a3
3,CTMQC,20,0.5,0.25,0.025,0.2,332ef64022d55228c41a06539140b2f95f3a75a3
3,CTMQC,20,0.5,0.25,0.024,0.25,332ef64022d55228c41a06539140b2f95f3a75a3
3,CTMQC,80,0.5,0.25,0.026,0.31,332ef64022d55228c41a06539140b2f95f3a75a3
3,CTMQC,80,0.5,0.25,0.026,0.28,332ef64022d55228c41a06539140b2f95f3a75a3
3,CTMQC,80,0.5,0.25,0.0085,0.3,332ef64022d55228c41a06539140b2f95f3a75a3
3,CTMQC,80,0.5,0.25,0.0089,0.29,332ef64022d55228c41a06539140b2f95f3a75a3
3,CTMQC,80,0.5,0.25,-5.8e-12,-5.3e-10,332ef64022d55228c41a06539140b2f95f3a75a3
3,CTMQC,80,0.5,0.25,2.7e-12,-1.1e-08,332ef64022d55228c41a06539140b2f95f3a75a3
3,CTMQC,80,0.5,0.25,1.5e-12,-8.5e-10,332ef64022d55228c41a06539140b2f95f3a75a3
3,CTMQC,80,0.5,0.25,0.01,0.33,332ef64022d55228c41a06539140b2f95f3a75a3
3,CTMQC,80,0.5,0.25,8.4e-14,-6.2e-09,332ef64022d55228c41a06539140b2f95f3a75a3
3,CTMQC,80,0.5,0.25,0.0098,0.3,332ef64022d55228c41a06539140b2f95f3a75a3
3,CTMQC,80,0.5,0.25,0.34,-0.054,332ef64022d55228c41a06539140b2f95f3a75a3
3,CTMQC,80,0.5,0.25,0.0079,0.28,332ef64022d55228c41a06539140b2f95f3a75a3
1,Ehrenfest,1,0.5,0.25,-5.5e-13,-1.7e-05,332ef64022d55228c41a06539140b2f95f3a75a3
1,Ehrenfest,1,0.5,0.25,-5.8e-13,-1.7e-05,332ef64022d55228c41a06539140b2f95f3a75a3
2,CTMQC,200,0.5,0.25,0.011,0.0004,332ef64022d55228c41a06539140b2f95f3a75a3
2,CTMQC,200,0.5,0.25,-0.0004,-3.4e-05,332ef64022d55228c41a06539140b2f95f3a75a3
2,CTMQC,200,0.5,0.25,-0.0013,-0.00011,332ef64022d55228c41a06539140b2f95f3a75a3
4,CTMQC,200,0.5,0.25,0.013,0.21,332ef64022d55228c41a06539140b2f95f3a75a3
1,Ehrenfest,1,0.5,0.25,-7.4e-13,-8.3e-05,332ef64022d55228c41a06539140b2f95f3a75a3
2,Ehrenfest,1,0.5,0.25,-2.9e-10,-0.0003,332ef64022d55228c41a06539140b2f95f3a75a3
2,Ehrenfest,1,0.5,0.25,-1.8e-10,-0.00019,332ef64022d55228c41a06539140b2f95f3a75a3
2,Ehrenfest,1,0.5,0.25,-3.9e-10,9.4e-06,332ef64022d55228c41a06539140b2f95f3a75a3
2,Ehrenfest,1,0.5,0.25,-1.7e-10,-9.5e-05,332ef64022d55228c41a06539140b2f95f3a75a3
2,Ehrenfest,1,0.5,0.25,-2.5e-10,-2.5e-05,332ef64022d55228c41a06539140b2f95f3a75a3
2,Ehrenfest,1,0.5,0.25,-5.4e-10,1.4e-05,332ef64022d55228c41a06539140b2f95f3a75a3
4,CTMQC,200,0.5,0.25,0.01,0.2,332ef64022d55228c41a06539140b2f95f3a75a3
2,Ehrenfest,1,0.5,0.25,-6.5e-10,-3.9e-06,332ef64022d55228c41a06539140b2f95f3a75a3
2,Ehrenfest,1,0.5,0.25,-6.8e-10,-3e-05,332ef64022d55228c41a06539140b2f95f3a75a3
2,Ehrenfest,1,0.5,0.25,-4.9e-10,-6e-05,332ef64022d55228c41a06539140b2f95f3a75a3
2,Ehrenfest,1,0.5,0.25,-6.2e-10,-5.1e-05,332ef64022d55228c41a06539140b2f95f3a75a3
2,Ehrenfest,1,0.5,0.25,-3.4e-10,-5.6e-05,332ef64022d55228c41a06539140b2f95f3a75a3
2,Ehrenfest,1,0.5,0.25,-3.2e-10,-0.00033,332ef64022d55228c41a06539140b2f95f3a75a3
2,Ehrenfest,1,0.5,0.25,-1.9e-10,-0.00021,332ef64022d55228c41a06539140b2f95f3a75a3
2,Ehrenfest,1,0.5,0.25,-1.6e-10,-0.00011,332ef64022d55228c41a06539140b2f95f3a75a3
2,Ehrenfest,1,0.5,0.25,-3.6e-10,5.4e-06,332ef64022d55228c41a06539140b2f95f3a75a3
2,Ehrenfest,1,0.5,0.25,-2.1e-10,-4.4e-05,332ef64022d55228c41a06539140b2f95f3a75a3
2,Ehrenfest,1,0.5,0.25,-2.3e-10,-3.6e-05,332ef64022d55228c41a06539140b2f95f3a75a3
2,Ehrenfest,1,0.5,0.25,-5.1e-10,1.5e-05,332ef64022d55228c41a06539140b2f95f3a75a3
2,Ehrenfest,1,0.5,0.25,-6.3e-10,1e-06,332ef64022d55228c41a06539140b2f95f3a75a3
2,Ehrenfest,1,0.5,0.25,-3.6e-10,-0.00035,332ef64022d55228c41a06539140b2f95f3a75a3
2,Ehrenfest,1,0.5,0.25,-2.1e-10,-0.00024,332ef64022d55228c41a06539140b2f95f3a75a3
2,Ehrenfest,1,0.5,0.25,-6.8e-10,-2.5e-05,332ef64022d55228c41a06539140b2f95f3a75a3
2,Ehrenfest,1,0.5,0.25,-1.6e-10,-0.00013,332ef64022d55228c41a06539140b2f95f3a75a3
2,Ehrenfest,1,0.5,0.25,-3.3e-10,-1.4e-08,332ef64022d55228c41a06539140b2f95f3a75a3
2,Ehrenfest,1,0.5,0.25,-2.1e-10,-4.9e-05,332ef64022d55228c41a06539140b2f95f3a75a3
2,Ehrenfest,1,0.5,0.25,-6.4e-10,-4.7e-05,332ef64022d55228c41a06539140b2f95f3a75a3
2,Ehrenfest,1,0.5,0.25,-5.2e-10,-5.9e-05,332ef64022d55228c41a06539140b2f95f3a75a3
2,Ehrenfest,1,0.5,0.25,-4.8e-10,1.5e-05,332ef64022d55228c41a06539140b2f95f3a75a3
2,Ehrenfest,1,0.5,0.25,-4e-10,-0.00037,332ef64022d55228c41a06539140b2f95f3a75a3
2,Ehrenfest,1,0.5,0.25,-3.7e-10,-5.8e-05,332ef64022d55228c41a06539140b2f95f3a75a3
2,Ehrenfest,1,0.5,0.25,-6.1e-10,5.4e-06,332ef64022d55228c41a06539140b2f95f3a75a3
2,Ehrenfest,1,0.5,0.25,-2.3e-10,-0.00026,332ef64022d55228c41a06539140b2f95f3a75a3
2,Ehrenfest,1,0.5,0.25,-1.6e-10,-0.00015,332ef64022d55228c41a06539140b2f95f3a75a3
2,Ehrenfest,1,0.5,0.25,-1.9e-10,-6.3e-05,332ef64022d55228c41a06539140b2f95f3a75a3
2,Ehrenfest,1,0.5,0.25,-2.4e-10,-4.7e-05,332ef64022d55228c41a06539140b2f95f3a75a3
2,Ehrenfest,1,0.5,0.25,-3.1e-10,-6.8e-06,332ef64022d55228c41a06539140b2f95f3a75a3
2,Ehrenfest,1,0.5,0.25,-6.8e-10,-2e-05,332ef64022d55228c41a06539140b2f95f3a75a3
2,Ehrenfest,1,0.5,0.25,-4.4e-10,-0.0004,332ef64022d55228c41a06539140b2f95f3a75a3
2,Ehrenfest,1,0.5,0.25,-4.5e-10,1.4e-05,332ef64022d55228c41a06539140b2f95f3a75a3
2,Ehrenfest,1,0.5,0.25,-2.6e-10,-0.00028,332ef64022d55228c41a06539140b2f95f3a75a3
2,Ehrenfest,1,0.5,0.25,-1.7e-10,-0.00017,332ef64022d55228c41a06539140b2f95f3a75a3
2,Ehrenfest,1,0.5,0.25,-6.5e-10,-4.3e-05,332ef64022d55228c41a06539140b2f95f3a75a3
2,Ehrenfest,1,0.5,0.25,-5.5e-10,-5.8e-05,332ef64022d55228c41a06539140b2f95f3a75a3
2,Ehrenfest,1,0.5,0.25,-5.9e-10,9e-06,332ef64022d55228c41a06539140b2f95f3a75a3
4,CTMQC,200,0.5,0.25,0.011,0.21,332ef64022d55228c41a06539140b2f95f3a75a3
2,Ehrenfest,1,0.5,0.25,-1.8e-10,-7.8e-05,332ef64022d55228c41a06539140b2f95f3a75a3
2,Ehrenfest,1,0.5,0.25,-4.9e-10,-0.00042,332ef64022d55228c41a06539140b2f95f3a75a3
2,Ehrenfest,1,0.5,0.25,-2.8e-10,-1.5e-05,332ef64022d55228c41a06539140b2f95f3a75a3
2,Ehrenfest,1,0.5,0.25,-4e-10,-5.9e-05,332ef64022d55228c41a06539140b2f95f3a75a3
2,Ehrenfest,1,0.5,0.25,-7.7e-10,-0.00051,332ef64022d55228c41a06539140b2f95f3a75a3
2,Ehrenfest,1,0.5,0.25,-1.1e-09,-0.00058,332ef64022d55228c41a06539140b2f95f3a75a3
2,Ehrenfest,1,0.5,0.25,-6.7e-10,-1.5e-05,332ef64022d55228c41a06539140b2f95f3a75a3
2,Ehrenfest,1,0.5,0.25,-4.2e-10,1.2e-05,332ef64022d55228c41a06539140b2f95f3a75a3
2,Ehrenfest,1,0.5,0.25,-1.4e-09,-0.0006,332ef64022d55228c41a06539140b2f95f3a75a3
2,Ehrenfest,1,0.5,0.25,-1.7e-09,-0.00057,332ef64022d55228c41a06539140b2f95f3a75a3
2,Ehrenfest,1,0.5,0.25,-5.7e-10,1.2e-05,332ef64022d55228c41a06539140b2f95f3a75a3
2,Ehrenfest,1,0.5,0.25,-5.4e-10,-0.00044,332ef64022d55228c41a06539140b2f95f3a75a3
2,Ehrenfest,1,0.5,0.25,-2.6e-10,-4.9e-05,332ef64022d55228c41a06539140b2f95f3a75a3
2,Ehrenfest,1,0.5,0.25,-6.6e-10,-3.9e-05,332ef64022d55228c41a06539140b2f95f3a75a3
2,Ehrenfest,1,0.5,0.25,-1.2e-09,-0.00058,332ef64022d55228c41a06539140b2f95f3a75a3
2,Ehrenfest,1,0.5,0.25,-8.3e-10,-0.00053,332ef64022d55228c41a06539140b2f95f3a75a3
2,Ehrenfest,1,0.5,0.25,-5.7e-10,-5.6e-05,332ef64022d55228c41a06539140b2f95f3a75a3
2,Ehrenfest,1,0.5,0.25,-2e-09,-0.0005,332ef64022d55228c41a06539140b2f95f3a75a3
2,Ehrenfest,1,0.5,0.25,-1.8e-09,-0.00056,332ef64022d55228c41a06539140b2f95f3a75a3
2,Ehrenfest,1,0.5,0.25,-1.5e-09,-0.0006,332ef64022d55228c41a06539140b2f95f3a75a3
2,Ehrenfest,1,0.5,0.25,-2.2e-09,-0.00038,332ef64022d55228c41a06539140b2f95f3a75a3
2,Ehrenfest,1,0.5,0.25,-5.9e-10,-0.00046,332ef64022d55228c41a06539140b2f95f3a75a3
2,Ehrenfest,1,0.5,0.25,-6.6e-10,-9.1e-06,332ef64022d55228c41a06539140b2f95f3a75a3
2,Ehrenfest,1,0.5,0.25,-4.3e-10,-5.9e-05,332ef64022d55228c41a06539140b2f95f3a75a3
2,Ehrenfest,1,0.5,0.25,-2e-09,-0.00048,332ef64022d55228c41a06539140b2f95f3a75a3
2,Ehrenfest,1,0.5,0.25,-8.9e-10,-0.00054,332ef64022d55228c41a06539140b2f95f3a75a3
2,Ehrenfest,1,0.5,0.25,-1.2e-09,-0.00059,332ef64022d55228c41a06539140b2f95f3a75a3
2,Ehrenfest,1,0.5,0.25,-1.8e-09,-0.00055,332ef64022d55228c41a06539140b2f95f3a75a3
2,Ehrenfest,1,0.5,0.25,-2.2e-09,-0.00035,332ef64022d55228c41a06539140b2f95f3a75a3
2,Ehrenfest,1,0.5,0.25,-1.5e-09,-0.00059,332ef64022d55228c41a06539140b2f95f3a75a3
2,Ehrenfest,1,0.5,0.25,-6.7e-10,-3.5e-05,332ef64022d55228c41a06539140b2f95f3a75a3
2,Ehrenfest,1,0.5,0.25,-2.3e-09,-0.00021,332ef64022d55228c41a06539140b2f95f3a75a3
2,Ehrenfest,1,0.5,0.25,-6.5e-10,-0.00048,332ef64022d55228c41a06539140b2f95f3a75a3
2,Ehrenfest,1,0.5,0.25,-2.1e-09,-0.00046,332ef64022d55228c41a06539140b2f95f3a75a3
2,Ehrenfest,1,0.5,0.25,-1.3e-09,-0.00059,332ef64022d55228c41a06539140b2f95f3a75a3
2,Ehrenfest,1,0.5,0.25,-2.3e-09,-0.00032,332ef64022d55228c41a06539140b2f95f3a75a3
2,Ehrenfest,1,0.5,0.25,-1.9e-09,-0.00054,332ef64022d55228c41a06539140b2f95f3a75a3
2,Ehrenfest,1,0.5,0.25,-9.6e-10,-0.00055,332ef64022d55228c41a06539140b2f95f3a75a3
2,Ehrenfest,1,0.5,0.25,-6e-10,-5.4e-05,332ef64022d55228c41a06539140b2f95f3a75a3
2,Ehrenfest,1,0.5,0.25,-1.6e-09,-0.00059,332ef64022d55228c41a06539140b2f95f3a75a3
2,Ehrenfest,1,0.5,0.25,-2.4e-09,-7.5e-06,332ef64022d55228c41a06539140b2f95f3a75a3
2,Ehrenfest,1,0.5,0.25,-2.9e-10,-5.2e-05,332ef64022d55228c41a06539140b2f95f3a75a3
2,Ehrenfest,1,0.5,0.25,-2.4e-09,-0.00017,332ef64022d55228c41a06539140b2f95f3a75a3
2,Ehrenfest,1,0.5,0.25,-2.1e-09,-0.00043,332ef64022d55228c41a06539140b2f95f3a75a3
2,Ehrenfest,1,0.5,0.25,-7.1e-10,-0.0005,332ef64022d55228c41a06539140b2f95f3a75a3
2,Ehrenfest,1,0.5,0.25,-2.3e-09,-0.00028,332ef64022d55228c41a06539140b2f95f3a75a3
2,Ehrenfest,1,0.5,0.25,-2.4e-09,0.00022,332ef64022d55228c41a06539140b2f95f3a75a3
2,Ehrenfest,1,0.5,0.25,-1.3e-09,-0.0006,332ef64022d55228c41a06539140b2f95f3a75a3
2,Ehrenfest,1,0.5,0.25,-1.9e-09,-0.00052,332ef64022d55228c41a06539140b2f95f3a75a3
2,Ehrenfest,1,0.5,0.25,-1.7e-09,-0.00058,332ef64022d55228c41a06539140b2f95f3a75a3
2,Ehrenfest,1,0.5,0.25,-2.4e-09,3.6e-05,332ef64022d55228c41a06539140b2f95f3a75a3
2,Ehrenfest,1,0.5,0.25,-1e-09,-0.00057,332ef64022d55228c41a06539140b2f95f3a75a3
2,Ehrenfest,1,0.5,0.25,-2.4e-09,-0.00013,332ef64022d55228c41a06539140b2f95f3a75a3
2,Ehrenfest,1,0.5,0.25,-4.6e-10,-6e-05,332ef64022d55228c41a06539140b2f95f3a75a3
2,Ehrenfest,1,0.5,0.25,-2.4e-09,0.00046,332ef64022d55228c41a06539140b2f95f3a75a3
2,Ehrenfest,1,0.5,0.25,-2.3e-09,0.00069,332ef64022d55228c41a06539140b2f95f3a75a3
2,Ehrenfest,1,0.5,0.25,-2.4e-09,0.00027,332ef64022d55228c41a06539140b2f95f3a75a3
2,Ehrenfest,1,0.5,0.25,-2.2e-09,-0.00041,332ef64022d55228c41a06539140b2f95f3a75a3
2,Ehrenfest,1,0.5,0.25,-2e-09,0.0011,332ef64022d55228c41a06539140b2f95f3a75a3
2,Ehrenfest,1,0.5,0.25,-2.3e-09,-0.00025,332ef64022d55228c41a06539140b2f95f3a75a3
2,Ehrenfest,1,0.5,0.25,-2.1e-09,0.00093,332ef64022d55228c41a06539140b2f95f3a75a3
2,Ehrenfest,1,0.5,0.25,-1.8e-09,0.0013,332ef64022d55228c41a06539140b2f95f3a75a3
2,Ehrenfest,1,0.5,0.25,-2.4e-09,8.1e-05,332ef64022d55228c41a06539140b2f95f3a75a3
2,Ehrenfest,1,0.5,0.25,-1.6e-09,0.0015,332ef64022d55228c41a06539140b2f95f3a75a3
2,Ehrenfest,1,0.5,0.25,-2.4e-09,-9.2e-05,332ef64022d55228c41a06539140b2f95f3a75a3
2,Ehrenfest,1,0.5,0.25,-2.3e-09,0.00074,332ef64022d55228c41a06539140b2f95f3a75a3
2,Ehrenfest,1,0.5,0.25,-1.2e-09,0.0018,332ef64022d55228c41a06539140b2f95f3a75a3
2,Ehrenfest,1,0.5,0.25,-2.4e-09,0.00031,332ef64022d55228c41a06539140b2f95f3a75a3
2,Ehrenfest,1,0.5,0.25,-1.4e-09,0.0017,332ef64022d55228c41a06539140b2f95f3a75a3
2,Ehrenfest,1,0.5,0.25,-2.4e-09,0.0005,332ef64022d55228c41a06539140b2f95f3a75a3
2,Ehrenfest,1,0.5,0.25,-1.9e-09,0.0012,332ef64022d55228c41a06539140b2f95f3a75a3
2,Ehrenfest,1,0.5,0.25,-2.1e-09,0.00097,332ef64022d55228c41a06539140b2f95f3a75a3
2,Ehrenfest,1,0.5,0.25,-1.8e-09,0.0014,332ef64022d55228c41a06539140b2f95f3a75a3
2,Ehrenfest,1,0.5,0.25,-2.4e-09,0.00013,332ef64022d55228c41a06539140b2f95f3a75a3
2,Ehrenfest,1,0.5,0.25,-1.6e-09,0.0016,332ef64022d55228c41a06539140b2f95f3a75a3
2,Ehrenfest,1,0.5,0.25,-1.2e-09,0.0018,332ef64022d55228c41a06539140b2f95f3a75a3
2,Ehrenfest,1,0.5,0.25,-3.1e-10,-5.4e-05,332ef64022d55228c41a06539140b2f95f3a75a3
2,Ehrenfest,1,0.5,0.25,-1.4e-09,0.0017,332ef64022d55228c41a06539140b2f95f3a75a3
2,Ehrenfest,1,0.5,0.25,-2.4e-09,-5e-05,332ef64022d55228c41a06539140b2f95f3a75a3
2,Ehrenfest,1,0.5,0.25,-2.2e-09,0.00079,332ef64022d55228c41a06539140b2f95f3a75a3
2,Ehrenfest,1,0.5,0.25,-2.3e-09,0.00055,332ef64022d55228c41a06539140b2f95f3a75a3
2,Ehrenfest,1,0.5,0.25,-1.9e-09,0.0012,332ef64022d55228c41a06539140b2f95f3a75a3
2,Ehrenfest,1,0.5,0.25,-2.1e-09,0.001,332ef64022d55228c41a06539140b2f95f3a75a3
2,Ehrenfest,1,0.5,0.25,-2.4e-09,0.00036,332ef64022d55228c41a06539140b2f95f3a75a3
2,Ehrenfest,1,0.5,0.25,-1.7e-09,0.0014,332ef64022d55228c41a06539140b2f95f3a75a3
2,Ehrenfest,1,0.5,0.25,-1.5e-09,0.0016,332ef64022d55228c41a06539140b2f95f3a75a3
2,Ehrenfest,1,0.5,0.25,-1.2e-09,0.0018,332ef64022d55228c41a06539140b2f95f3a75a3
2,Ehrenfest,1,0.5,0.25,-2.4e-09,0.00017,332ef64022d55228c41a06539140b2f95f3a75a3
2,Ehrenfest,1,0.5,0.25,-1.3e-09,0.0017,332ef64022d55228c41a06539140b2f95f3a75a3
2,Ehrenfest,1,0.5,0.25,-1e-09,0.0019,332ef64022d55228c41a06539140b2f95f3a75a3
2,Ehrenfest,1,0.5,0.25,-8.7e-10,0.002,332ef64022d55228c41a06539140b2f95f3a75a3
2,Ehrenfest,1,0.5,0.25,-2.2e-09,0.00083,332ef64022d55228c41a06539140b2f95f3a75a3
2,Ehrenfest,1,0.5,0.25,-2.1e-09,0.0011,332ef64022d55228c41a06539140b2f95f3a75a3
2,Ehrenfest,1,0.5,0.25,-1.9e-09,0.0013,332ef64022d55228c41a06539140b2f95f3a75a3
2,Ehrenfest,1,0.5,0.25,-1.7e-09,0.0015,332ef64022d55228c41a06539140b2f95f3a75a3
2,Ehrenfest,1,0.5,0.25,-2.4e-09,0.00041,332ef64022d55228c41a06539140b2f95f3a75a3
2,Ehrenfest,1,0.5,0.25,-2.3e-09,0.0006,332ef64022d55228c41a06539140b2f95f3a75a3
2,Ehrenfest,1,0.5,0.25,-1.5e-09,0.0016,332ef64022d55228c41a06539140b2f95f3a75a3
2,Ehrenfest,1,0.5,0.25,-1.1e-09,0.0019,332ef64022d55228c41a06539140b2f95f3a75a3
2,Ehrenfest,1,0.5,0.25,-7.2e-10,0.002,332ef64022d55228c41a06539140b2f95f3a75a3
2,Ehrenfest,1,0.5,0.25,-1.3e-09,0.0018,332ef64022d55228c41a06539140b2f95f3a75a3
2,Ehrenfest,1,0.5,0.25,-1e-09,0.0019,332ef64022d55228c41a06539140b2f95f3a75a3
2,Ehrenfest,1,0.5,0.25,-8.4e-10,0.002,332ef64022d55228c41a06539140b2f95f3a75a3
2,Ehrenfest,1,0.5,0.25,-2e-09,0.0011,332ef64022d55228c41a06539140b2f95f3a75a3
2,Ehrenfest,1,0.5,0.25,-2.2e-09,0.00088,332ef64022d55228c41a06539140b2f95f3a75a3
2,Ehrenfest,1,0.5,0.25,-1.7e-09,0.0015,332ef64022d55228c41a06539140b2f95f3a75a3
2,Ehrenfest,1,0.5,0.25,-5.8e-10,0.002,332ef64022d55228c41a06539140b2f95f3a75a3
2,Ehrenfest,1,0.5,0.25,-1.8e-09,0.0013,332ef64022d55228c41a06539140b2f95f3a75a3
2,Ehrenfest,1,0.5,0.25,-1.1e-09,0.0019,332ef64022d55228c41a06539140b2f95f3a75a3
2,Ehrenfest,1,0.5,0.25,-6.9e-10,0.002,332ef64022d55228c41a06539140b2f95f3a75a3
2,Ehrenfest,1,0.5,0.25,-1.5e-09,0.0017,332ef64022d55228c41a06539140b2f95f3a75a3
2,Ehrenfest,1,0.5,0.25,-2.3e-09,0.00065,332ef64022d55228c41a06539140b2f95f3a75a3
2,Ehrenfest,1,0.5,0.25,-8.1e-10,0.002,332ef64022d55228c41a06539140b2f95f3a75a3
2,Ehrenfest,1,0.5,0.25,-1.3e-09,0.0018,332ef64022d55228c41a06539140b2f95f3a75a3
2,Ehrenfest,1,0.5,0.25,-9.8e-10,0.0019,332ef64022d55228c41a06539140b2f95f3a75a3
2,Ehrenfest,1,0.5,0.25,-2.8e-10,0.0018,332ef64022d55228c41a06539140b2f95f3a75a3
2,Ehrenfest,1,0.5,0.25,-3.6e-10,0.0019,332ef64022d55228c41a06539140b2f95f3a75a3
2,Ehrenfest,1,0.5,0.25,-4.6e-10,0.0019,332ef64022d55228c41a06539140b2f95f3a75a3
2,Ehrenfest,1,0.5,0.25,-2.2e-10,0.0017,332ef64022d55228c41a06539140b2f95f3a75a3
2,Ehrenfest,1,0.5,0.25,-5.5e-10,0.002,332ef64022d55228c41a06539140b2f95f3a75a3
2,Ehrenfest,1,0.5,0.25,-1.8e-10,0.0015,332ef64022d55228c41a06539140b2f95f3a75a3
2,Ehrenfest,1,0.5,0.25,-1.5e-10,0.0014,332ef64022d55228c41a06539140b2f95f3a75a3
2,Ehrenfest,1,0.5,0.25,-6.6e-10,0.002,332ef64022d55228c41a06539140b2f95f3a75a3
2,Ehrenfest,1,0.5,0.25,-7.8e-10,0.002,332ef64022d55228c41a06539140b2f95f3a75a3
2,Ehrenfest,1,0.5,0.25,-2.7e-10,0.0018,332ef64022d55228c41a06539140b2f95f3a75a3
2,Ehrenfest,1,0.5,0.25,-9.4e-10,0.0019,332ef64022d55228c41a06539140b2f95f3a75a3
2,Ehrenfest,1,0.5,0.25,-3.4e-10,0.0019,332ef64022d55228c41a06539140b2f95f3a75a3
2,Ehrenfest,1,0.5,0.25,-5.3e-10,0.002,332ef64022d55228c41a06539140b2f95f3a75a3
2,Ehrenfest,1,0.5,0.25,-2.1e-10,0.0016,332ef64022d55228c41a06539140b2f95f3a75a3
2,Ehrenfest,1,0.5,0.25,-4.4e-10,0.0019,332ef64022d55228c41a06539140b2f95f3a75a3
2,Ehrenfest,1,0.5,0.25,-1.7e-10,0.0015,332ef64022d55228c41a06539140b2f95f3a75a3
2,Ehrenfest,1,0.5,0.25,-1.5e-10,0.0013,332ef64022d55228c41a06539140b2f95f3a75a3
2,Ehrenfest,1,0.5,0.25,-6.3e-10,0.002,332ef64022d55228c41a06539140b2f95f3a75a3
2,Ehrenfest,1,0.5,0.25,-2.5e-10,0.0017,332ef64022d55228c41a06539140b2f95f3a75a3
2,Ehrenfest,1,0.5,0.25,-7.5e-10,0.002,332ef64022d55228c41a06539140b2f95f3a75a3
2,Ehrenfest,1,0.5,0.25,-2e-10,0.0016,332ef64022d55228c41a06539140b2f95f3a75a3
2,Ehrenfest,1,0.5,0.25,-1.5e-10,0.0013,332ef64022d55228c41a06539140b2f95f3a75a3
2,Ehrenfest,1,0.5,0.25,-9.1e-10,0.002,332ef64022d55228c41a06539140b2f95f3a75a3
2,Ehrenfest,1,0.5,0.25,-5e-10,0.002,332ef64022d55228c41a06539140b2f95f3a75a3
2,Ehrenfest,1,0.5,0.25,-3.2e-10,0.0018,332ef64022d55228c41a06539140b2f95f3a75a3
2,Ehrenfest,1,0.5,0.25,-4.2e-10,0.0019,332ef64022d55228c41a06539140b2f95f3a75a3
2,Ehrenfest,1,0.5,0.25,-1.7e-10,0.0015,332ef64022d55228c41a06539140b2f95f3a75a3
2,Ehrenfest,1,0.5,0.25,-6e-10,0.002,332ef64022d55228c41a06539140b2f95f3a75a3
2,Ehrenfest,1,0.5,0.25,-1.9e-10,0.0016,332ef64022d55228c41a06539140b2f95f3a75a3
2,Ehrenfest,1,0.5,0.25,-2.4e-10,0.0017,332ef64022d55228c41a06539140b2f95f3a75a3
2,Ehrenfest,1,0.5,0.25,-1.5e-10,0.0013,332ef64022d55228c41a06539140b2f95f3a75a3
2,Ehrenfest,1,0.5,0.25,-4e-10,0.0019,332ef64022d55228c41a06539140b2f95f3a75a3
2,Ehrenfest,1,0.5,0.25,-1.6e-10,0.0014,332ef64022d55228c41a06539140b2f95f3a75a3
2,Ehrenfest,1,0.5,0.25,-3.1e-10,0.0018,332ef64022d55228c41a06539140b2f95f3a75a3
2,Ehrenfest,1,0.5,0.25,-4.8e-10,0.002,332ef64022d55228c41a06539140b2f95f3a75a3
2,Ehrenfest,1,0.5,0.25,-1.8e-10,0.0016,332ef64022d55228c41a06539140b2f95f3a75a3
2,Ehrenfest,1,0.5,0.25,-2.3e-10,0.0017,332ef64022d55228c41a06539140b2f95f3a75a3
2,Ehrenfest,1,0.5,0.25,-1.5e-10,0.0012,332ef64022d55228c41a06539140b2f95f3a75a3
2,Ehrenfest,1,0.5,0.25,-3.8e-10,0.0019,332ef64022d55228c41a06539140b2f95f3a75a3
2,Ehrenfest,1,0.5,0.25,-1.6e-10,0.0014,332ef64022d55228c41a06539140b2f95f3a75a3
2,Ehrenfest,1,0.5,0.25,-2.9e-10,0.0018,332ef64022d55228c41a06539140b2f95f3a75a3
2,CTMQC,200,0.5,0.25,0.0003,0.0049,332ef64022d55228c41a06539140b2f95f3a75a3
2,CTMQC,200,0.5,0.25,0.0023,0.002,332ef64022d55228c41a06539140b2f95f3a75a3
2,CTMQC,200,0.5,0.25,0.0033,0.0017,332ef64022d55228c41a06539140b2f95f3a75a3
3,CTMQC,200,0.5,0.25,0.0089,0.3,332ef64022d55228c41a06539140b2f95f3a75a3
3,CTMQC,200,0.5,0.25,0.0084,0.29,332ef64022d55228c41a06539140b2f95f3a75a3
3,CTMQC,200,0.5,0.25,0.0093,0.32,332ef64022d55228c41a06539140b2f95f3a75a3
2,CTMQC,200,0.5,0.25,0.0019,-0.00012,332ef64022d55228c41a06539140b2f95f3a75a3
1,CTMQC,200,0.5,0.25,-1.8e-05,-7.2e-05,332ef64022d55228c41a06539140b2f95f3a75a3
4,CTMQC,200,0.5,0.25,0.013,0.23,332ef64022d55228c41a06539140b2f95f3a75a3
1,CTMQC,200,0.5,0.25,6.6e-05,-8.4e-05,332ef64022d55228c41a06539140b2f95f3a75a3
1,CTMQC,200,0.5,0.25,-5.3e-05,-8.2e-05,332ef64022d55228c41a06539140b2f95f3a75a3
4,CTMQC,200,0.5,0.25,0.0018,1.4,332ef64022d55228c41a06539140b2f95f3a75a3
4,CTMQC,200,0.5,0.25,0.0036,2.1,332ef64022d55228c41a06539140b2f95f3a75a3
4,CTMQC,200,0.5,0.25,0.0064,1.4,332ef64022d55228c41a06539140b2f95f3a75a3
1,Ehrenfest,200,0.5,0.25,-6e-13,-1.7e-05,332ef64022d55228c41a06539140b2f95f3a75a3
3,CTMQC,200,0.5,0.25,0.0084,0.3,332ef64022d55228c41a06539140b2f95f3a75a3
2,CTMQC,200,0.5,0.25,3.5e-05,-0.00027,332ef64022d55228c41a06539140b2f95f3a75a3
4,CTMQC,200,0.5,0.25,0.011,0.21,332ef64022d55228c41a06539140b2f95f3a75a3
2,CTMQC,200,0.5,0.25,0.0028,0.0021,332ef64022d55228c41a06539140b2f95f3a75a3
1,CTMQC,200,0.5,0.25,0.00048,-7.4e-05,332ef64022d55228c41a06539140b2f95f3a75a3
1,CTMQC,200,0.5,0.25,9e-05,-6.4e-05,332ef64022d55228c41a06539140b2f95f3a75a3
1,CTMQC,200,0.5,0.25,0.00012,-7.7e-05,332ef64022d55228c41a06539140b2f95f3a75a3
1,CTMQC,200,0.5,0.25,-6.6e-05,-7.3e-05,332ef64022d55228c41a06539140b2f95f3a75a3
3,CTMQC,200,0.5,0.25,0.011,0.33,332ef64022d55228c41a06539140b2f95f3a75a3
1,Ehrenfest,200,0.5,0.25,-2.8e-13,-1.4e-05,332ef64022d55228c41a06539140b2f95f3a75a3
4,CTMQC,200,0.5,0.25,0.0019,1.5,332ef64022d55228c41a06539140b2f95f3a75a3
2,CTMQC,200,0.5,0.25,-0.00022,-0.00011,332ef64022d55228c41a06539140b2f95f3a75a3
4,CTMQC,200,0.5,0.25,0.0092,0.27,332ef64022d55228c41a06539140b2f95f3a75a3
4,CTMQC,200,0.5,0.25,0.038,0.034,332ef64022d55228c41a06539140b2f95f3a75a3
2,CTMQC,200,0.5,0.25,0.00031,0.0058,332ef64022d55228c41a06539140b2f95f3a75a3
3,CTMQC,200,0.5,0.25,0.0018,2.1,332ef64022d55228c41a06539140b2f95f3a75a3
3,CTMQC,200,0.5,0.25,0.0017,1.7,332ef64022d55228c41a06539140b2f95f3a75a3
3,CTMQC,200,0.5,0.25,0.0017,2,332ef64022d55228c41a06539140b2f95f3a75a3
1,CTMQC,200,0.5,0.25,-3.7e-05,-8.6e-05,332ef64022d55228c41a06539140b2f95f3a75a3
2,CTMQC,200,0.5,0.25,0.0086,-0.0018,332ef64022d55228c41a06539140b2f95f3a75a3
2,CTMQC,200,0.5,0.25,0.012,-0.002,332ef64022d55228c41a06539140b2f95f3a75a3
2,CTMQC,200,0.5,0.25,0.014,-0.003,332ef64022d55228c41a06539140b2f95f3a75a3
2,CTMQC,200,0.5,0.25,0.0057,0.0078,332ef64022d55228c41a06539140b2f95f3a75a3
2,CTMQC,200,0.5,0.25,0.0031,0.0014,332ef64022d55228c41a06539140b2f95f3a75a3
4,CTMQC,200,0.5,0.25,0.49,0.29,332ef64022d55228c41a06539140b2f95f3a75a3
4,CTMQC,200,0.5,0.25,0.45,0.22,332ef64022d55228c41a06539140b2f95f3a75a3
3,CTMQC,200,0.5,0.25,0.008,0.29,332ef64022d55228c41a06539140b2f95f3a75a3
3,CTMQC,200,0.5,0.25,0.023,0.25,332ef64022d55228c41a06539140b2f95f3a75a3
2,CTMQC,200,0.5,0.25,0.0074,0.0089,332ef64022d55228c41a06539140b2f95f3a75a3
2,CTMQC,200,0.5,0.25,0.0067,0.0052,332ef64022d55228c41a06539140b2f95f3a75a3
2,CTMQC,200,0.5,0.25,-4.5e-05,-9.9e-05,332ef64022d55228c41a06539140b2f95f3a75a3
4,CTMQC,200,0.5,0.25,0.0042,0.0013,332ef64022d55228c41a06539140b2f95f3a75a3
4,CTMQC,200,0.5,0.25,0.039,0.024,332ef64022d55228c41a06539140b2f95f3a75a3
4,CTMQC,200,0.5,0.25,0.011,0.21,332ef64022d55228c41a06539140b2f95f3a75a3
4,CTMQC,200,0.5,0.25,0.0017,1.8,332ef64022d55228c41a06539140b2f95f3a75a3
3,CTMQC,200,0.5,0.25,0.027,0.29,332ef64022d55228c41a06539140b2f95f3a75a3
3,CTMQC,200,0.5,0.25,0.028,0.26,332ef64022d55228c41a06539140b2f95f3a75a3
3,CTMQC,200,0.5,0.25,0.0013,0.19,332ef64022d55228c41a06539140b2f95f3a75a3
2,CTMQC,200,0.5,0.25,0.00023,0.0045,332ef64022d55228c41a06539140b2f95f3a75a3
1,CTMQC,200,0.5,0.25,0.00029,-6.2e-05,332ef64022d55228c41a06539140b2f95f3a75a3
4,CTMQC,200,0.5,0.25,0.01,0.2,332ef64022d55228c41a06539140b2f95f3a75a3
1,CTMQC,200,0.5,0.25,4.2e-06,-0.00011,332ef64022d55228c41a06539140b2f95f3a75a3
1,CTMQC,200,0.5,0.25,-6.7e-05,-9.5e-05,332ef64022d55228c41a06539140b2f95f3a75a3
3,CTMQC,200,0.5,0.25,0.025,0.26,332ef64022d55228c41a06539140b2f95f3a75a3
3,CTMQC,200,0.5,0.25,0.0083,0.29,332ef64022d55228c41a06539140b2f95f3a75a3
2,CTMQC,200,0.5,0.25,0.011,-0.0019,332ef64022d55228c41a06539140b2f95f3a75a3
1,CTMQC,200,0.5,0.25,0.0016,-0.00017,332ef64022d55228c41a06539140b2f95f3a75a3
1,CTMQC,200,0.5,0.25,0.0016,-0.00018,332ef64022d55228c41a06539140b2f95f3a75a3
2,CTMQC,200,0.5,0.25,0.0006,0.00058,332ef64022d55228c41a06539140b2f95f3a75a3
1,CTMQC,200,0.5,0.25,0.0017,-0.0002,332ef64022d55228c41a06539140b2f95f3a75a3
4,CTMQC,200,0.5,0.25,0.002,1.6,332ef64022d55228c41a06539140b2f95f3a75a3
4,CTMQC,200,0.5,0.25,0.18,0.02,332ef64022d55228c41a06539140b2f95f3a75a3
3,CTMQC,200,0.5,0.25,0.0086,0.3,332ef64022d55228c41a06539140b2f95f3a75a3
4,CTMQC,200,0.5,0.25,0.19,0.024,332ef64022d55228c41a06539140b2f95f3a75a3
4,CTMQC,200,0.5,0.25,0.05,0.024,332ef64022d55228c41a06539140b2f95f3a75a3
2,CTMQC,200,0.5,0.25,0.0002,-8e-05,332ef64022d55228c41a06539140b2f95f3a75a3
4,CTMQC,200,0.5,0.25,0.0099,0.27,332ef64022d55228c41a06539140b2f95f3a75a3
2,CTMQC,200,0.5,0.25,0.014,-0.0016,332ef64022d55228c41a06539140b2f95f3a75a3
2,CTMQC,200,0.5,0.25,0.0061,0.0037,332ef64022d55228c41a06539140b2f95f3a75a3
2,CTMQC,200,0.5,0.25,0.00028,0.005,332ef64022d55228c41a06539140b2f95f3a75a3
1,CTMQC,200,0.5,0.25,0.00018,-9.4e-05,332ef64022d55228c41a06539140b2f95f3a75a3
1,CTMQC,200,0.5,0.25,0.0015,-0.00026,332ef64022d55228c41a06539140b2f95f3a75a3
3,CTMQC,200,0.5,0.25,0.22,0.04,332ef64022d55228c41a06539140b2f95f3a75a3
3,CTMQC,200,0.5,0.25,0.026,0.21,332ef64022d55228c41a06539140b2f95f3a75a3
4,CTMQC,200,0.5,0.25,0.0016,1.3,332ef64022d55228c41a06539140b2f95f3a75a3
3,CTMQC,200,0.5,0.25,0.0078,0.29,332ef64022d55228c41a06539140b2f95f3a75a3
1,CTMQC,200,0.5,0.25,0.0013,-0.00027,332ef64022d55228c41a06539140b2f95f3a75a3
1,CTMQC,200,0.5,0.25,0.0012,-0.00024,332ef64022d55228c41a06539140b2f95f3a75a3
1,CTMQC,200,0.5,0.25,0.00033,-5.7e-05,332ef64022d55228c41a06539140b2f95f3a75a3
3,CTMQC,200,0.5,0.25,0.0017,0.0007,332ef64022d55228c41a06539140b2f95f3a75a3
4,CTMQC,200,0.5,0.25,0.068,0.044,332ef64022d55228c41a06539140b2f95f3a75a3
3,CTMQC,200,0.5,0.25,0.0014,0.00084,332ef64022d55228c41a06539140b2f95f3a75a3
3,CTMQC,200,0.5,0.25,0.0017,1.9,332ef64022d55228c41a06539140b2f95f3a75a3
1,CTMQC,200,0.5,0.25,0.0011,-0.00019,332ef64022d55228c41a06539140b2f95f3a75a3
2,CTMQC,200,0.5,0.25,0.0043,0.0074,332ef64022d55228c41a06539140b2f95f3a75a3
2,CTMQC,200,0.5,0.25,0.01,-0.0017,332ef64022d55228c41a06539140b2f95f3a75a3
4,CTMQC,200,0.5,0.25,0.012,0.057,332ef64022d55228c41a06539140b2f95f3a75a3
4,CTMQC,200,0.5,0.25,0.2,0.016,332ef64022d55228c41a06539140b2f95f3a75a3
4,CTMQC,200,0.5,0.25,0.023,0.016,332ef64022d55228c41a06539140b2f95f3a75a3
1,CTMQC,200,0.5,0.25,1.5e-05,-8e-05,332ef64022d55228c41a06539140b2f95f3a75a3
2,CTMQC,200,0.5,0.25,-0.00053,-3.2e-05,332ef64022d55228c41a06539140b2f95f3a75a3
3,CTMQC,200,0.5,0.25,0.024,0.26,332ef64022d55228c41a06539140b2f95f3a75a3
2,CTMQC,200,0.5,0.25,0.0096,-0.0018,332ef64022d55228c41a06539140b2f95f3a75a3
2,CTMQC,200,0.5,0.25,0.00038,0.0055,332ef64022d55228c41a06539140b2f95f3a75a3
1,CTMQC,200,0.5,0.25,0.00014,-9.1e-05,332ef64022d55228c41a06539140b2f95f3a75a3
4,CTMQC,200,0.5,0.25,0.01,0.2,332ef64022d55228c41a06539140b2f95f3a75a3
4,CTMQC,200,0.5,0.25,0.0018,1.7,332ef64022d55228c41a06539140b2f95f3a75a3
1,CTMQC,200,0.5,0.25,-3.2e-05,-9.2e-05,332ef64022d55228c41a06539140b2f95f3a75a3
1,CTMQC,200,0.5,0.25,0.0017,-0.0002,332ef64022d55228c41a06539140b2f95f3a75a3
3,CTMQC,200,0.5,0.25,0.0038,2,332ef64022d55228c41a06539140b2f95f3a75a3
2,CTMQC,200,0.5,0.25,0.014,0.0096,332ef64022d55228c41a06539140b2f95f3a75a3
3,CTMQC,200,0.5,0.25,0.098,0.29,332ef64022d55228c41a06539140b2f95f3a75a3
4,CTMQC,200,0.5,0.25,0.0074,0.00097,332ef64022d55228c41a06539140b2f95f3a75a3
3,CTMQC,200,0.5,0.25,0.0013,0.18,332ef64022d55228c41a06539140b2f95f3a75a3
3,CTMQC,200,0.5,0.25,0.0027,0.00082,332ef64022d55228c41a06539140b2f95f3a75a3
3,CTMQC,200,0.5,0.25,0.0028,0.0015,332ef64022d55228c41a06539140b2f95f3a75a3
3,CTMQC,200,0.5,0.25,0.0097,0.31,332ef64022d55228c41a06539140b2f95f3a75a3
2,CTMQC,200,0.5,0.25,0.0058,-0.0015,332ef64022d55228c41a06539140b2f95f3a75a3
2,CTMQC,200,0.5,0.25,0.00035,0.005,332ef64022d55228c41a06539140b2f95f3a75a3
2,CTMQC,200,0.5,0.25,0.0078,0.0088,332ef64022d55228c41a06539140b2f95f3a75a3
4,CTMQC,200,0.5,0.25,0.0018,1.7,332ef64022d55228c41a06539140b2f95f3a75a3
4,CTMQC,200,0.5,0.25,0.11,0.25,332ef64022d55228c41a06539140b2f95f3a75a3
1,CTMQC,200,0.5,0.25,0.0014,-0.00023,332ef64022d55228c41a06539140b2f95f3a75a3
1,CTMQC,200,0.5,0.25,0.0011,-0.00018,332ef64022d55228c41a06539140b2f95f3a75a3
2,CTMQC,200,0.5,0.25,0.0066,0.009,332ef64022d55228c41a06539140b2f95f3a75a3
1,CTMQC,200,0.5,0.25,0.00014,-7.7e-05,332ef64022d55228c41a06539140b2f95f3a75a3
3,CTMQC,200,0.5,0.25,0.0015,0.00073,332ef64022d55228c41a06539140b2f95f3a75a3
1,CTMQC,200,0.5,0.25,0.0011,-0.00018,332ef64022d55228c41a06539140b2f95f3a75a3
3,CTMQC,200,0.5,0.25,0.026,0.26,332ef64022d55228c41a06539140b2f95f3a75a3
2,CTMQC,200,0.5,0.25,0.01,-0.0018,332ef64022d55228c41a06539140b2f95f3a75a3
1,CTMQC,200,0.5,0.25,-7.1e-05,-7e-05,332ef64022d55228c41a06539140b2f95f3a75a3
1,CTMQC,200,0.5,0.25,0.0015,-0.00023,332ef64022d55228c41a06539140b2f95f3a75a3
4,CTMQC,200,0.5,0.25,0.0056,0.0012,332ef64022d55228c41a06539140b2f95f3a75a3
4,CTMQC,200,0.5,0.25,0.13,0.016,332ef64022d55228c41a06539140b2f95f3a75a3
4,CTMQC,200,0.5,0.25,1.1,0.22,332ef64022d55228c41a06539140b2f95f3a75a3
4,CTMQC,200,0.5,0.25,0.031,0.017,332ef64022d55228c41a06539140b2f95f3a75a3
4,CTMQC,200,0.5,0.25,0.0016,1.3,332ef64022d55228c41a06539140b2f95f3a75a3
1,CTMQC,200,0.5,0.25,0.0014,-0.0002,332ef64022d55228c41a06539140b2f95f3a75a3
3,CTMQC,200,0.5,0.25,0.0019,2.2,332ef64022d55228c41a06539140b2f95f3a75a3
2,CTMQC,200,0.5,0.25,0.0096,-0.0018,332ef64022d55228c41a06539140b2f95f3a75a3
2,CTMQC,200,0.5,0.25,0.0069,0.0079,332ef64022d55228c41a06539140b2f95f3a75a3
3,CTMQC,200,0.5,0.25,0.026,0.28,332ef64022d55228c41a06539140b2f95f3a75a3
4,CTMQC,200,0.5,0.25,0.0035,0.00058,332ef64022d55228c41a06539140b2f95f3a75a3
1,CTMQC,200,0.5,0.25,0.0001,-7.7e-05,332ef64022d55228c41a06539140b2f95f3a75a3
3,CTMQC,200,0.5,0.25,0.024,0.21,332ef64022d55228c41a06539140b2f95f3a75a3
1,CTMQC,200,0.5,0.25,0.0016,-0.00028,332ef64022d55228c41a06539140b2f95f3a75a3
3,CTMQC,200,0.5,0.25,0.0024,0.00093,332ef64022d55228c41a06539140b2f95f3a75a3
3,CTMQC,200,0.5,0.25,0.0061,0.0017,332ef64022d55228c41a06539140b2f95f3a75a3
3,CTMQC,200,0.5,0.25,0.0017,2.2,332ef64022d55228c41a06539140b2f95f3a75a3
1,CTMQC,200,0.5,0.25,0.0015,-0.00018,332ef64022d55228c41a06539140b2f95f3a75a3
2,CTMQC,200,0.5,0.25,0.0069,0.0061,332ef64022d55228c41a06539140b2f95f3a75a3
1,CTMQC,200,0.5,0.25,0.0016,-0.00026,332ef64022d55228c41a06539140b2f95f3a75a3
4,CTMQC,200,0.5,0.25,0.0044,0.00069,332ef64022d55228c41a06539140b2f95f3a75a3
1,CTMQC,200,0.5,0.25,8e-05,-5.9e-05,332ef64022d55228c41a06539140b2f95f3a75a3
3,CTMQC,200,0.5,0.25,0.0042,0.0013,332ef64022d55228c41a06539140b2f95f3a75a3
1,CTMQC,200,0.5,0.25,0.0015,-0.00025,332ef64022d55228c41a06539140b2f95f3a75a3
1,CTMQC,200,0.5,0.25,0.0024,-0.00022,332ef64022d55228c41a06539140b2f95f3a75a3
3,CTMQC,200,0.5,0.25,0.0018,2,332ef64022d55228c41a06539140b2f95f3a75a3
3,CTMQC,200,0.5,0.25,0.0061,0.0019,332ef64022d55228c41a06539140b2f95f3a75a3
1,CTMQC,200,0.5,0.25,0.0015,-0.00023,332ef64022d55228c41a06539140b2f95f3a75a3
1,CTMQC,200,0.5,0.25,0.0017,-0.00026,332ef64022d55228c41a06539140b2f95f3a75a3
3,CTMQC,200,0.5,0.25,0.025,0.24,332ef64022d55228c41a06539140b2f95f3a75a3
2,CTMQC,200,0.5,0.25,0.0029,0.00019,332ef64022d55228c41a06539140b2f95f3a75a3
2,CTMQC,200,0.5,0.25,0.0056,-0.0063,332ef64022d55228c41a06539140b2f95f3a75a3
2,CTMQC,200,0.5,0.25,0.011,-0.0018,332ef64022d55228c41a06539140b2f95f3a75a3
4,CTMQC,200,0.5,0.25,0.067,-0.0092,332ef64022d55228c41a06539140b2f95f3a75a3
4,CTMQC,200,0.5,0.25,0.072,0.014,332ef64022d55228c41a06539140b2f95f3a75a3
4,CTMQC,200,0.5,0.25,0.064,0.023,332ef64022d55228c41a06539140b2f95f3a75a3
2,CTMQC,200,0.5,0.25,0.0048,0.0032,332ef64022d55228c41a06539140b2f95f3a75a3
2,CTMQC,200,0.5,0.25,0.0071,0.017,332ef64022d55228c41a06539140b2f95f3a75a3
2,CTMQC,200,0.5,0.25,0.0045,0.0075,332ef64022d55228c41a06539140b2f95f3a75a3
3,CTMQC,200,0.5,0.25,0.045,0.14,332ef64022d55228c41a06539140b2f95f3a75a3
3,CTMQC,200,0.5,0.25,0.04,0.12,332ef64022d55228c41a06539140b2f95f3a75a3
3,CTMQC,200,0.5,0.25,0.041,0.14,332ef64022d55228c41a06539140b2f95f3a75a3
2,CTMQC,200,0.5,0.25,0.012,-0.0017,332ef64022d55228c41a06539140b2f95f3a75a3
1,CTMQC,200,0.5,0.25,0.00068,-0.0028,332ef64022d55228c41a06539140b2f95f3a75a3
1,CTMQC,200,0.5,0.25,4.1e-05,-0.0017,332ef64022d55228c41a06539140b2f95f3a75a3
4,CTMQC,200,0.5,0.25,0.067,0.00064,332ef64022d55228c41a06539140b2f95f3a75a3
1,CTMQC,200,0.5,0.25,0.00056,-0.0027,332ef64022d55228c41a06539140b2f95f3a75a3
4,CTMQC,200,0.5,0.25,0.011,0.02,332ef64022d55228c41a06539140b2f95f3a75a3
4,CTMQC,200,0.5,0.25,0.014,0.024,332ef64022d55228c41a06539140b2f95f3a75a3
4,CTMQC,200,0.5,0.25,0.0095,0.016,332ef64022d55228c41a06539140b2f95f3a75a3
3,CTMQC,200,0.5,0.25,0.041,0.13,332ef64022d55228c41a06539140b2f95f3a75a3
2,CTMQC,200,0.5,0.25,0.0046,-0.00074,332ef64022d55228c41a06539140b2f95f3a75a3
4,CTMQC,200,0.5,0.25,0.067,0.045,332ef64022d55228c41a06539140b2f95f3a75a3
2,CTMQC,200,0.5,0.25,0.0065,0.01,332ef64022d55228c41a06539140b2f95f3a75a3
1,CTMQC,200,0.5,0.25,0.0036,-0.001,332ef64022d55228c41a06539140b2f95f3a75a3
1,CTMQC,200,0.5,0.25,0.0037,-0.001,332ef64022d55228c41a06539140b2f95f3a75a3
1,CTMQC,200,0.5,0.25,0.0025,-0.00098,332ef64022d55228c41a06539140b2f95f3a75a3
1,CTMQC,200,0.5,0.25,0.00033,-0.002,332ef64022d55228c41a06539140b2f95f3a75a3
3,CTMQC,200,0.5,0.25,0.044,0.14,332ef64022d55228c41a06539140b2f95f3a75a3
4,CTMQC,200,0.5,0.25,0.011,0.017,332ef64022d55228c41a06539140b2f95f3a75a3
2,CTMQC,200,0.5,0.25,0.018,-0.001,332ef64022d55228c41a06539140b2f95f3a75a3
4,CTMQC,200,0.5,0.25,0.072,-0.014,332ef64022d55228c41a06539140b2f95f3a75a3
3,CTMQC,200,0.5,0.25,0.0066,0.017,332ef64022d55228c41a06539140b2f95f3a75a3
3,CTMQC,200,0.5,0.25,0.007,0.021,332ef64022d55228c41a06539140b2f95f3a75a3
2,CTMQC,200,0.5,0.25,0.0099,0.023,332ef64022d55228c41a06539140b2f95f3a75a3
3,CTMQC,200,0.5,0.25,0.0068,0.019,332ef64022d55228c41a06539140b2f95f3a75a3
1,CTMQC,200,0.5,0.25,0.0011,-0.0021,332ef64022d55228c41a06539140b2f95f3a75a3
2,CTMQC,200,0.5,0.25,0.006,0.0096,332ef64022d55228c41a06539140b2f95f3a75a3
3,CTMQC,200,0.5,0.25,0.041,0.14,332ef64022d55228c41a06539140b2f95f3a75a3
2,CTMQC,200,0.5,0.25,0.019,-0.00057,332ef64022d55228c41a06539140b2f95f3a75a3
4,CTMQC,200,0.5,0.25,0.07,0.026,332ef64022d55228c41a06539140b2f95f3a75a3
4,CTMQC,200,0.5,0.25,0.016,0.028,332ef64022d55228c41a06539140b2f95f3a75a3
2,CTMQC,200,0.5,0.25,0.0075,0.028,332ef64022d55228c41a06539140b2f95f3a75a3
4,CTMQC,200,0.5,0.25,0.07,0.0057,332ef64022d55228c41a06539140b2f95f3a75a3
1,CTMQC,200,0.5,0.25,0.0037,-0.0011,332ef64022d55228c41a06539140b2f95f3a75a3
1,CTMQC,200,0.5,0.25,0.00053,-0.0022,332ef64022d55228c41a06539140b2f95f3a75a3
3,CTMQC,200,0.5,0.25,0.04,0.14,332ef64022d55228c41a06539140b2f95f3a75a3
3,CTMQC,200,0.5,0.25,0.0073,0.022,332ef64022d55228c41a06539140b2f95f3a75a3
4,CTMQC,200,0.5,0.25,0.0075,0.014,332ef64022d55228c41a06539140b2f95f3a75a3
3,CTMQC,200,0.5,0.25,0.041,0.13,332ef64022d55228c41a06539140b2f95f3a75a3
2,CTMQC,200,0.5,0.25,0.014,-0.00039,332ef64022d55228c41a06539140b2f95f3a75a3
1,CTMQC,200,0.5,0.25,0.00027,-0.0017,332ef64022d55228c41a06539140b2f95f3a75a3
4,CTMQC,200,0.5,0.25,0.075,0.0011,332ef64022d55228c41a06539140b2f95f3a75a3
2,CTMQC,200,0.5,0.25,0.0062,0.0027,332ef64022d55228c41a06539140b2f95f3a75a3
2,CTMQC,200,0.5,0.25,0.012,0.00018,332ef64022d55228c41a06539140b2f95f3a75a3
1,CTMQC,200,0.5,0.25,0.0031,-0.00089,332ef64022d55228c41a06539140b2f95f3a75a3
4,CTMQC,200,0.5,0.25,0.0073,0.013,332ef64022d55228c41a06539140b2f95f3a75a3
1,CTMQC,200,0.5,0.25,0.0057,-0.00085,332ef64022d55228c41a06539140b2f95f3a75a3
3,CTMQC,200,0.5,0.25,0.04,0.14,332ef64022d55228c41a06539140b2f95f3a75a3
3,CTMQC,200,0.5,0.25,0.0063,0.015,332ef64022d55228c41a06539140b2f95f3a75a3
4,CTMQC,200,0.5,0.25,0.067,0.0033,332ef64022d55228c41a06539140b2f95f3a75a3
1,CTMQC,200,0.5,0.25,0.0003,-0.0019,332ef64022d55228c41a06539140b2f95f3a75a3
1,CTMQC,200,0.5,0.25,0.0033,-0.001,332ef64022d55228c41a06539140b2f95f3a75a3
2,CTMQC,200,0.5,0.25,0.0063,0.0088,332ef64022d55228c41a06539140b2f95f3a75a3
2,CTMQC,200,0.5,0.25,0.014,0.002,332ef64022d55228c41a06539140b2f95f3a75a3
3,CTMQC,200,0.5,0.25,0.0064,0.017,332ef64022d55228c41a06539140b2f95f3a75a3
4,CTMQC,200,0.5,0.25,0.0095,0.015,332ef64022d55228c41a06539140b2f95f3a75a3
3,CTMQC,200,0.5,0.25,0.041,0.13,332ef64022d55228c41a06539140b2f95f3a75a3
1,CTMQC,200,0.5,0.25,0.0012,-0.0018,332ef64022d55228c41a06539140b2f95f3a75a3
2,CTMQC,200,0.5,0.25,0.0089,0.026,332ef64022d55228c41a06539140b2f95f3a75a3
3,CTMQC,200,0.5,0.25,0.0068,0.027,332ef64022d55228c41a06539140b2f95f3a75a3
4,CTMQC,200,0.5,0.25,0.01,0.019,332ef64022d55228c41a06539140b2f95f3a75a3
1,CTMQC,200,0.5,0.25,0.0031,-0.00097,332ef64022d55228c41a06539140b2f95f3a75a3
1,CTMQC,200,0.5,0.25,0.00026,-0.0024,332ef64022d55228c41a06539140b2f95f3a75a3
4,CTMQC,200,0.5,0.25,0.0093,0.016,332ef64022d55228c41a06539140b2f95f3a75a3
3,CTMQC,200,0.5,0.25,0.0066,0.02,332ef64022d55228c41a06539140b2f95f3a75a3
1,CTMQC,200,0.5,0.25,0.0028,-0.001,332ef64022d55228c41a06539140b2f95f3a75a3
3,CTMQC,200,0.5,0.25,0.0069,0.028,332ef64022d55228c41a06539140b2f95f3a75a3
1,CTMQC,200,0.5,0.25,0.0023,-0.0011,332ef64022d55228c41a06539140b2f95f3a75a3
3,CTMQC,200,0.5,0.25,0.007,0.02,332ef64022d55228c41a06539140b2f95f3a75a3
3,CTMQC,30,0.5,0.25,-1.1e-13,-1.9e-08,c8dd5e522172de6a2b5a148883fe364510f053a2
3,CTMQC,30,1,0.5,0.16,0.26,c8dd5e522172de6a2b5a148883fe364510f053a2
3,CTMQC,30,1,0.5,-2.3e-14,3.8e+08,c8dd5e522172de6a2b5a148883fe364510f053a2
3,CTMQC,1,1,0.5,-1.4e-14,-0.0016,c8dd5e522172de6a2b5a148883fe364510f053a2
3,CTMQC,1,1,0.5,1.8e-14,-0.0011,c8dd5e522172de6a2b5a148883fe364510f053a2
3,Ehrenfest,1,1,0.5,-0.00018,-0.00046,c8dd5e522172de6a2b5a148883fe364510f053a2
3,Ehrenfest,1,1,0.5,-0.00018,-0.00046,c8dd5e522172de6a2b5a148883fe364510f053a2
3,CTMQC,1,1,0.5,-1.4e-14,-0.0016,c8dd5e522172de6a2b5a148883fe364510f053a2
3,CTMQC,1,1,0.5,3.8e-12,5.4e-06,c8dd5e522172de6a2b5a148883fe364510f053a2
3,CTMQC,1,1,0.5,-0.00018,-0.00046,c8dd5e522172de6a2b5a148883fe364510f053a2
3,CTMQC,1,1,0.5,-0.00018,-0.00046,c8dd5e522172de6a2b5a148883fe364510f053a2
3,CTMQC,1,1,0.5,-0.00019,0.00048,c8dd5e522172de6a2b5a148883fe364510f053a2
3,Ehrenfest,10,1,0.5,-0.0002,0.00046,c8dd5e522172de6a2b5a148883fe364510f053a2
3,Ehrenfest,20,1,0.5,-0.00019,0.00048,c8dd5e522172de6a2b5a148883fe364510f053a2
3,CTMQC,20,1,0.5,0.16,0.25,c8dd5e522172de6a2b5a148883fe364510f053a2
3,Ehrenfest,20,1,0.5,-0.00019,-0.00045,c8dd5e522172de6a2b5a148883fe364510f053a2
3,CTMQC,20,1,0.5,-9e-06,1.9e+03,c8dd5e522172de6a2b5a148883fe364510f053a2
3,CTMQC,20,1,0.5,9.3e-05,1.4e+09,c8dd5e522172de6a2b5a148883fe364510f053a2
3,Ehrenfest,20,1,0.5,-0.00019,-0.00045,c8dd5e522172de6a2b5a148883fe364510f053a2
3,e-CTMQC,20,1,0.5,-0.00019,-0.00044,c8dd5e522172de6a2b5a148883fe364510f053a2
3,CTMQC,20,1,0.5,0.00046,1.6e+32,c8dd5e522172de6a2b5a148883fe364510f053a2
3,CTMQC,30,1,0.5,0.11,0.2,c8dd5e522172de6a2b5a148883fe364510f053a2
3,CTMQC,20,1,0.5,0.00087,6.7e+27,c8dd5e522172de6a2b5a148883fe364510f053a2
3,n-CTMQC,20,1,0.5,0.078,0.08,c8dd5e522172de6a2b5a148883fe364510f053a2
3,e-CTMQC,20,1,0.5,-0.00065,-0.00024,c8dd5e522172de6a2b5a148883fe364510f053a2
3,CTMQC,20,1,0.5,0.001,3.7e+31,c8dd5e522172de6a2b5a148883fe364510f053a2
3,n-CTMQC,20,1,0.5,1.1e-10,8.4e-05,c8dd5e522172de6a2b5a148883fe364510f053a2
3,CTMQC,20,1,0.5,0.00078,6.4e+27,c8dd5e522172de6a2b5a148883fe364510f053a2
3,e-CTMQC,20,1,0.5,-0.00065,-0.00024,c8dd5e522172de6a2b5a148883fe364510f053a2
3,e-CTMQC,20,1,0.5,-0.00018,-0.00045,c8dd5e522172de6a2b5a148883fe364510f053a2
3,e-CTMQC,20,1,0.5,-0.00018,-0.00045,c8dd5e522172de6a2b5a148883fe364510f053a2
3,e-CTMQC,20,1,0.5,-0.00019,-0.00045,c8dd5e522172de6a2b5a148883fe364510f053a2
3,e-CTMQC,20,1,0.5,-0.00018,-0.00045,c8dd5e522172de6a2b5a148883fe364510f053a2
3,e-CTMQC,20,1,0.5,0.26,-1.6,c8dd5e522172de6a2b5a148883fe364510f053a2
3,e-CTMQC,20,1,0.5,0.12,-1.1,c8dd5e522172de6a2b5a148883fe364510f053a2
2,e-CTMQC,20,1,0.5,0.031,0.49,c8dd5e522172de6a2b5a148883fe364510f053a2
